OrderID,CustomerID,OrderDate,Quantity,UnitPrice,Region,Discount,Revenue,ProductID,Category,Month,CohortMonth
1,103,2024-09-04,6,356.35,West,0.25,1603.58,P47,Books,2024-09,2023-06
2,180,2024-06-01,6,483.96,South,0.12,2555.31,P14,Books,2024-06,2023-02
3,93,2024-11-22,3,415.06,South,0.07,1158.02,P39,Clothing,2024-11,2023-03
4,15,2023-10-09,6,452.52,West,0.24,2063.49,P25,Home,2023-10,2023-04
5,107,2023-11-16,5,467.45,South,0.1,2103.53,P20,Home,2023-11,2023-10
6,72,2024-03-18,2,402.66,North,0.03,781.16,P2,Books,2024-03,2023-07
7,189,2023-11-11,9,340.39,West,0.17,2542.71,P39,Home,2023-11,2023-01
8,21,2024-01-12,8,12.8,North,0.17,84.99,P6,Home,2024-01,2023-03
9,103,2023-10-16,3,238.25,East,0.21,564.65,P17,Books,2023-10,2023-06
10,122,2024-03-12,8,289.87,East,0.07,2156.63,P25,Home,2024-03,2023-09
11,75,2024-10-23,9,158.97,South,0.13,1244.74,P28,Books,2024-10,2023-05
12,88,2023-10-04,3,165.87,East,0.08,457.8,P2,Electronics,2023-10,2023-10
13,117,2024-12-10,3,480.97,North,0.02,1414.05,P35,Clothing,2024-12,2023-01
14,100,2024-08-04,2,446.94,East,0.26,661.47,P37,Clothing,2024-08,2023-07
15,104,2024-05-17,8,426.1,North,0.22,2658.86,P5,Home,2024-05,2023-01
16,152,2024-09-15,1,208.95,South,0.09,190.14,P1,Home,2024-09,2023-04
17,131,2024-05-30,8,16.71,South,0.18,109.62,P40,Home,2024-05,2023-08
18,150,2023-12-16,7,49.31,North,0.06,324.46,P12,Clothing,2023-12,2023-12
19,53,2024-03-21,7,162.98,East,0.27,832.83,P36,Electronics,2024-03,2023-01
20,2,2023-12-16,3,17.71,South,0.03,51.54,P45,Electronics,2023-12,2023-05
21,88,2024-08-29,1,18.4,West,0.0,18.4,P23,Clothing,2024-08,2023-10
22,158,2024-10-25,4,459.14,South,0.15,1561.08,P47,Electronics,2024-10,2023-06
23,38,2023-05-17,9,356.02,East,0.17,2659.47,P31,Clothing,2023-05,2023-05
24,130,2023-08-31,5,161.39,West,0.17,669.77,P11,Electronics,2023-08,2023-03
25,192,2024-06-26,1,75.0,East,0.02,73.5,P10,Books,2024-06,2023-01
26,188,2023-02-09,5,260.7,North,0.09,1186.19,P3,Books,2023-02,2023-02
27,21,2023-08-17,8,12.62,West,0.15,85.82,P14,Clothing,2023-08,2023-03
28,161,2024-07-01,8,469.82,East,0.06,3533.05,P16,Electronics,2024-07,2023-02
29,58,2023-08-11,5,213.26,West,0.26,789.06,P10,Home,2023-08,2023-01
30,22,2023-01-06,9,207.14,East,0.03,1808.33,P29,Electronics,2023-01,2023-01
31,89,2023-11-18,1,201.39,West,0.15,171.18,P10,Books,2023-11,2023-01
32,49,2024-04-12,4,43.97,East,0.21,138.95,P12,Books,2024-04,2023-08
33,59,2023-03-16,3,322.78,North,0.08,890.87,P30,Electronics,2023-03,2023-03
34,170,2023-01-04,2,369.17,West,0.19,598.06,P41,Electronics,2023-01,2023-01
35,188,2024-10-07,8,341.3,West,0.25,2047.8,P1,Home,2024-10,2023-02
36,15,2023-04-28,7,77.83,West,0.06,512.12,P5,Home,2023-04,2023-04
37,190,2024-08-28,9,293.63,West,0.28,1902.72,P20,Electronics,2024-08,2023-03
38,190,2024-05-18,2,289.05,North,0.17,479.82,P8,Electronics,2024-05,2023-03
39,175,2024-07-27,4,435.52,West,0.09,1585.29,P43,Electronics,2024-07,2023-02
40,190,2024-03-16,6,195.77,South,0.13,1021.92,P12,Electronics,2024-03,2023-03
41,51,2023-07-13,3,192.03,North,0.09,524.24,P1,Clothing,2023-07,2023-01
42,108,2024-12-15,8,313.08,South,0.22,1953.62,P20,Electronics,2024-12,2023-04
43,55,2024-01-27,3,320.21,West,0.24,730.08,P28,Home,2024-01,2023-01
44,64,2023-01-26,2,239.95,East,0.25,359.93,P43,Books,2023-01,2023-01
45,131,2024-03-10,3,227.1,South,0.3,476.91,P37,Clothing,2024-03,2023-08
46,51,2023-06-22,6,252.13,West,0.24,1149.71,P47,Electronics,2023-06,2023-01
47,135,2023-10-27,2,431.91,South,0.18,708.33,P37,Books,2023-10,2023-01
48,21,2024-10-06,8,235.97,West,0.1,1698.98,P12,Clothing,2024-10,2023-03
49,73,2023-11-22,1,470.57,West,0.16,395.28,P37,Books,2023-11,2023-11
50,167,2024-02-14,7,256.96,West,0.01,1780.73,P49,Electronics,2024-02,2023-02
51,18,2023-04-28,2,475.11,East,0.22,741.17,P49,Electronics,2023-04,2023-04
52,132,2024-12-24,6,418.09,South,0.13,2182.43,P44,Home,2024-12,2023-04
53,89,2023-08-13,2,187.59,North,0.01,371.43,P28,Electronics,2023-08,2023-01
54,60,2024-06-15,2,433.18,North,0.02,849.03,P47,Electronics,2024-06,2024-03
55,14,2023-04-23,8,63.93,North,0.12,450.07,P15,Clothing,2023-04,2023-04
56,9,2023-05-20,2,463.27,North,0.18,759.76,P6,Home,2023-05,2023-03
57,90,2024-07-12,7,319.51,West,0.14,1923.45,P44,Clothing,2024-07,2023-01
58,53,2023-01-01,3,36.65,South,0.19,89.06,P20,Books,2023-01,2023-01
59,130,2023-03-31,8,325.69,South,0.14,2240.75,P14,Electronics,2023-03,2023-03
60,84,2024-10-15,7,487.38,East,0.2,2729.33,P2,Books,2024-10,2023-10
61,92,2023-11-16,8,44.2,South,0.07,328.85,P9,Clothing,2023-11,2023-01
62,111,2024-07-03,7,281.8,South,0.03,1913.42,P37,Electronics,2024-07,2023-01
63,188,2023-05-19,6,376.42,South,0.18,1851.99,P20,Electronics,2023-05,2023-02
64,199,2024-05-25,7,407.03,East,0.15,2421.83,P26,Clothing,2024-05,2024-05
65,172,2023-09-16,5,212.78,North,0.01,1053.26,P29,Clothing,2023-09,2023-04
66,8,2024-11-03,7,110.04,South,0.11,685.55,P1,Clothing,2024-11,2023-01
67,175,2024-11-20,1,30.75,East,0.03,29.83,P35,Clothing,2024-11,2023-02
68,35,2023-01-10,1,294.07,East,0.16,247.02,P6,Clothing,2023-01,2023-01
69,81,2023-09-18,9,231.93,West,0.12,1836.89,P37,Electronics,2023-09,2023-03
70,164,2024-10-11,5,474.88,East,0.18,1947.01,P5,Clothing,2024-10,2023-02
71,50,2023-06-21,5,39.7,North,0.24,150.86,P33,Electronics,2023-06,2023-04
72,104,2023-01-13,3,345.84,South,0.09,944.14,P49,Electronics,2023-01,2023-01
73,132,2023-06-17,5,22.23,East,0.29,78.92,P14,Clothing,2023-06,2023-04
74,2,2024-10-03,3,94.0,North,0.16,236.88,P12,Clothing,2024-10,2023-05
75,134,2024-08-18,9,232.25,East,0.19,1693.1,P42,Home,2024-08,2024-06
76,54,2023-11-17,9,232.89,East,0.2,1676.81,P20,Electronics,2023-11,2023-02
77,106,2023-11-15,6,345.99,East,0.2,1660.75,P24,Clothing,2023-11,2023-11
78,4,2024-09-04,1,456.0,East,0.15,387.6,P43,Clothing,2024-09,2024-01
79,54,2023-11-25,7,323.13,East,0.13,1967.86,P34,Clothing,2023-11,2023-02
80,191,2024-07-03,7,477.23,North,0.02,3273.8,P25,Home,2024-07,2023-01
81,146,2024-02-23,4,441.99,South,0.01,1750.28,P29,Home,2024-02,2023-02
82,44,2024-08-28,8,296.4,South,0.11,2110.37,P39,Books,2024-08,2023-09
83,162,2023-04-05,6,418.56,South,0.1,2260.22,P31,Electronics,2023-04,2023-04
84,190,2024-08-03,4,324.86,South,0.12,1143.51,P47,Books,2024-08,2023-03
85,14,2023-11-14,4,48.49,North,0.04,186.2,P43,Clothing,2023-11,2023-04
86,95,2023-08-24,2,372.88,West,0.22,581.69,P23,Home,2023-08,2023-06
87,48,2023-11-30,2,56.51,West,0.26,83.63,P44,Home,2023-11,2023-01
88,15,2024-01-11,4,301.1,North,0.28,867.17,P38,Books,2024-01,2023-04
89,190,2024-04-03,5,354.29,North,0.15,1505.73,P20,Home,2024-04,2023-03
90,40,2023-05-17,8,42.6,East,0.21,269.23,P23,Clothing,2023-05,2023-05
91,82,2024-08-10,6,123.09,East,0.26,546.52,P45,Home,2024-08,2023-08
92,111,2024-06-30,4,458.68,East,0.13,1596.21,P16,Books,2024-06,2023-01
93,53,2024-05-27,7,311.99,South,0.09,1987.38,P42,Clothing,2024-05,2023-01
94,24,2023-10-23,8,130.68,East,0.28,752.72,P8,Books,2023-10,2023-05
95,154,2023-11-16,2,348.43,West,0.15,592.33,P21,Home,2023-11,2023-09
96,188,2024-07-25,7,302.42,South,0.15,1799.4,P1,Books,2024-07,2023-02
97,124,2023-12-15,2,255.77,East,0.05,485.96,P8,Books,2023-12,2023-06
98,41,2023-08-17,2,488.33,South,0.03,947.36,P29,Electronics,2023-08,2023-08
99,157,2023-09-27,8,344.89,West,0.25,2069.34,P32,Home,2023-09,2023-09
100,15,2023-10-18,2,193.97,East,0.18,318.11,P38,Home,2023-10,2023-04
101,45,2024-12-25,9,402.04,West,0.1,3256.52,P5,Books,2024-12,2023-05
102,65,2023-06-14,1,443.45,West,0.06,416.84,P47,Electronics,2023-06,2023-01
103,89,2023-01-05,9,71.36,West,0.17,533.06,P22,Home,2023-01,2023-01
104,71,2024-01-14,1,108.27,East,0.18,88.78,P47,Clothing,2024-01,2023-08
105,9,2023-03-19,2,115.95,North,0.06,217.99,P34,Books,2023-03,2023-03
106,88,2024-02-14,6,348.69,East,0.26,1548.18,P1,Home,2024-02,2023-10
107,129,2024-07-27,6,305.49,West,0.03,1777.95,P26,Clothing,2024-07,2023-03
108,136,2023-05-12,1,313.31,East,0.11,278.85,P43,Home,2023-05,2023-02
109,63,2024-08-23,7,470.98,West,0.2,2637.49,P10,Clothing,2024-08,2023-02
110,139,2023-02-11,8,390.2,North,0.08,2871.87,P30,Books,2023-02,2023-02
111,81,2023-03-30,2,72.69,South,0.25,109.04,P18,Home,2023-03,2023-03
112,136,2024-02-06,8,180.28,North,0.22,1124.95,P17,Home,2024-02,2023-02
113,163,2023-10-23,9,223.34,North,0.24,1527.65,P26,Electronics,2023-10,2023-06
114,163,2023-10-22,6,204.02,South,0.04,1175.16,P8,Books,2023-10,2023-06
115,33,2024-09-07,5,337.96,East,0.04,1622.21,P47,Clothing,2024-09,2023-03
116,123,2024-06-09,9,447.03,South,0.09,3661.18,P40,Home,2024-06,2024-01
117,5,2024-11-21,9,159.97,East,0.16,1209.37,P49,Home,2024-11,2023-01
118,41,2024-09-28,1,280.42,East,0.22,218.73,P12,Clothing,2024-09,2023-08
119,28,2024-02-26,3,396.81,West,0.25,892.82,P27,Books,2024-02,2023-03
120,135,2023-01-23,9,213.95,West,0.21,1521.18,P8,Electronics,2023-01,2023-01
121,72,2024-07-28,2,92.38,South,0.28,133.03,P25,Electronics,2024-07,2023-07
122,12,2023-05-23,4,242.73,North,0.22,757.32,P46,Home,2023-05,2023-01
123,162,2024-10-26,4,37.06,South,0.09,134.9,P4,Clothing,2024-10,2023-04
124,33,2023-05-25,2,471.77,East,0.08,868.06,P33,Home,2023-05,2023-03
125,48,2023-08-13,3,46.66,West,0.21,110.58,P1,Clothing,2023-08,2023-01
126,151,2024-05-17,3,224.84,South,0.06,634.05,P19,Electronics,2024-05,2023-01
127,62,2024-09-07,1,269.64,South,0.03,261.55,P31,Books,2024-09,2023-02
128,37,2023-04-14,6,492.8,West,0.16,2483.71,P16,Clothing,2023-04,2023-04
129,99,2023-02-08,8,91.35,West,0.25,548.1,P14,Electronics,2023-02,2023-01
130,172,2023-07-17,3,66.07,West,0.03,192.26,P48,Home,2023-07,2023-04
131,104,2024-10-07,5,14.27,East,0.24,54.23,P5,Clothing,2024-10,2023-01
132,35,2024-08-01,1,86.23,West,0.24,65.53,P41,Books,2024-08,2023-01
133,193,2024-01-26,7,111.56,North,0.14,671.59,P26,Home,2024-01,2023-12
134,101,2023-06-28,1,318.98,South,0.02,312.6,P28,Home,2023-06,2023-06
135,175,2024-07-07,9,117.66,West,0.05,1005.99,P2,Electronics,2024-07,2023-02
136,131,2024-03-23,8,20.06,West,0.21,126.78,P6,Clothing,2024-03,2023-08
137,1,2024-05-14,7,415.04,East,0.21,2295.17,P9,Home,2024-05,2023-11
138,5,2023-01-15,7,189.14,East,0.27,966.51,P33,Books,2023-01,2023-01
139,142,2024-09-14,5,183.31,South,0.17,760.74,P41,Clothing,2024-09,2023-03
140,103,2024-10-30,5,158.21,North,0.04,759.41,P25,Books,2024-10,2023-06
141,27,2023-10-16,5,487.93,South,0.04,2342.06,P48,Home,2023-10,2023-01
142,137,2024-04-22,1,93.36,West,0.22,72.82,P13,Books,2024-04,2023-01
143,15,2023-08-19,8,450.14,North,0.06,3385.05,P9,Electronics,2023-08,2023-04
144,90,2024-02-24,1,390.63,North,0.1,351.57,P13,Books,2024-02,2023-01
145,42,2023-06-06,4,47.48,North,0.15,161.43,P31,Clothing,2023-06,2023-06
146,124,2024-07-03,9,493.5,North,0.01,4397.09,P41,Books,2024-07,2023-06
147,179,2024-03-16,9,142.97,South,0.07,1196.66,P11,Books,2024-03,2023-03
148,63,2023-04-07,5,58.31,East,0.12,256.56,P4,Electronics,2023-04,2023-02
149,96,2024-02-15,4,416.36,East,0.08,1532.2,P34,Books,2024-02,2023-02
150,52,2023-10-16,3,356.27,West,0.04,1026.06,P38,Books,2023-10,2023-05
151,96,2023-09-11,3,312.44,East,0.22,731.11,P46,Home,2023-09,2023-02
152,132,2023-07-15,5,86.43,East,0.24,328.43,P4,Home,2023-07,2023-04
153,151,2024-08-20,1,244.46,East,0.08,224.9,P38,Clothing,2024-08,2023-01
154,143,2024-06-05,5,392.47,East,0.23,1511.01,P19,Home,2024-06,2023-05
155,171,2024-05-31,6,158.78,West,0.12,838.36,P6,Home,2024-05,2024-02
156,29,2024-09-26,7,162.73,South,0.15,968.24,P34,Home,2024-09,2023-04
157,36,2023-04-28,9,11.54,North,0.26,76.86,P18,Home,2023-04,2023-03
158,13,2023-06-08,3,95.38,East,0.22,223.19,P13,Electronics,2023-06,2023-06
159,160,2023-08-16,2,438.95,South,0.24,667.2,P41,Home,2023-08,2023-05
160,71,2023-08-04,3,226.46,East,0.04,652.2,P23,Electronics,2023-08,2023-08
161,187,2024-11-26,9,492.27,East,0.02,4341.82,P19,Electronics,2024-11,2023-02
162,86,2023-01-15,7,203.9,North,0.27,1041.93,P45,Home,2023-01,2023-01
163,28,2023-06-06,9,360.44,North,0.12,2854.68,P11,Books,2023-06,2023-03
164,66,2024-10-09,2,148.14,North,0.09,269.61,P1,Electronics,2024-10,2024-01
165,170,2023-09-18,5,188.27,East,0.22,734.25,P24,Books,2023-09,2023-01
166,45,2023-06-06,4,103.46,East,0.25,310.38,P7,Books,2023-06,2023-05
167,62,2023-02-16,2,180.06,East,0.26,266.49,P25,Home,2023-02,2023-02
168,185,2023-11-20,9,278.15,North,0.09,2278.05,P21,Clothing,2023-11,2023-05
169,134,2024-11-15,9,495.97,West,0.26,3303.16,P15,Home,2024-11,2024-06
170,28,2023-05-10,6,335.46,South,0.01,1992.63,P1,Clothing,2023-05,2023-03
171,28,2024-02-15,6,107.63,West,0.01,639.32,P12,Clothing,2024-02,2023-03
172,108,2023-04-05,8,32.03,East,0.19,207.55,P7,Home,2023-04,2023-04
173,44,2024-09-18,6,71.91,East,0.02,422.83,P15,Home,2024-09,2023-09
174,84,2023-10-19,1,285.65,West,0.1,257.09,P21,Clothing,2023-10,2023-10
175,30,2023-10-10,4,384.93,East,0.2,1231.78,P19,Home,2023-10,2023-09
176,190,2023-03-10,7,470.81,South,0.1,2966.1,P29,Clothing,2023-03,2023-03
177,75,2024-10-21,2,17.75,East,0.05,33.73,P25,Books,2024-10,2023-05
178,128,2023-01-11,9,266.15,South,0.08,2203.72,P33,Home,2023-01,2023-01
179,92,2023-09-11,8,240.73,West,0.14,1656.22,P49,Books,2023-09,2023-01
180,190,2024-07-03,8,331.47,West,0.14,2280.51,P32,Electronics,2024-07,2023-03
181,129,2023-05-14,7,284.19,East,0.23,1531.78,P49,Books,2023-05,2023-03
182,121,2024-12-12,4,346.65,South,0.23,1067.68,P35,Books,2024-12,2023-10
183,27,2023-01-23,2,332.46,East,0.14,571.83,P44,Clothing,2023-01,2023-01
184,190,2023-12-12,3,67.34,North,0.25,151.52,P38,Books,2023-12,2023-03
185,121,2023-10-29,6,401.86,North,0.03,2338.83,P26,Home,2023-10,2023-10
186,116,2023-12-29,5,70.38,North,0.08,323.75,P11,Clothing,2023-12,2023-06
187,3,2024-01-31,8,352.28,North,0.25,2113.68,P35,Electronics,2024-01,2023-06
188,103,2023-08-06,6,213.91,East,0.11,1142.28,P8,Home,2023-08,2023-06
189,198,2023-05-21,6,261.79,North,0.29,1115.23,P46,Electronics,2023-05,2023-05
190,155,2024-09-07,1,452.62,South,0.14,389.25,P14,Books,2024-09,2023-05
191,137,2023-07-29,4,446.04,West,0.24,1355.96,P10,Home,2023-07,2023-01
192,62,2024-09-14,5,410.75,West,0.12,1807.3,P2,Home,2024-09,2023-02
193,165,2024-09-07,3,259.97,North,0.13,678.52,P46,Electronics,2024-09,2023-11
194,51,2024-11-13,9,370.76,North,0.11,2969.79,P9,Home,2024-11,2023-01
195,172,2024-04-04,1,261.32,North,0.22,203.83,P3,Home,2024-04,2023-04
196,152,2023-12-22,6,436.11,East,0.16,2197.99,P21,Home,2023-12,2023-04
197,59,2023-11-20,6,207.36,West,0.28,895.8,P26,Books,2023-11,2023-03
198,118,2023-05-13,5,485.42,North,0.08,2232.93,P8,Electronics,2023-05,2023-03
199,160,2023-05-07,5,466.84,South,0.03,2264.17,P48,Home,2023-05,2023-05
200,96,2023-04-16,5,373.39,North,0.12,1642.92,P2,Clothing,2023-04,2023-02
201,180,2024-08-26,6,146.91,West,0.19,713.98,P6,Clothing,2024-08,2023-02
202,113,2024-01-13,8,74.51,North,0.26,441.1,P28,Clothing,2024-01,2023-01
203,62,2023-02-20,2,428.8,West,0.1,771.84,P29,Clothing,2023-02,2023-02
204,186,2023-01-29,6,91.0,North,0.2,436.8,P26,Books,2023-01,2023-01
205,52,2024-04-06,1,428.59,South,0.11,381.45,P25,Home,2024-04,2023-05
206,12,2023-10-23,4,250.47,North,0.19,811.52,P12,Electronics,2023-10,2023-01
207,39,2023-10-24,3,209.21,South,0.27,458.17,P5,Home,2023-10,2023-03
208,130,2024-12-26,9,452.56,South,0.07,3787.93,P34,Books,2024-12,2023-03
209,131,2024-02-11,3,305.89,North,0.12,807.55,P48,Clothing,2024-02,2023-08
210,113,2024-09-04,6,292.54,South,0.3,1228.67,P37,Books,2024-09,2023-01
211,101,2024-02-09,1,283.8,East,0.26,210.01,P15,Home,2024-02,2023-06
212,113,2023-12-12,6,191.87,North,0.17,955.51,P44,Electronics,2023-12,2023-01
213,184,2024-09-13,4,394.97,North,0.15,1342.9,P36,Books,2024-09,2023-03
214,81,2024-02-24,8,133.87,South,0.09,974.57,P15,Electronics,2024-02,2023-03
215,187,2023-07-01,9,470.06,South,0.16,3553.65,P43,Books,2023-07,2023-02
216,113,2023-01-01,4,448.05,North,0.25,1344.15,P48,Electronics,2023-01,2023-01
217,2,2024-07-20,6,175.37,East,0.21,831.25,P23,Electronics,2024-07,2023-05
218,130,2024-01-06,1,367.44,South,0.09,334.37,P6,Clothing,2024-01,2023-03
219,54,2024-10-22,4,290.88,South,0.06,1093.71,P46,Electronics,2024-10,2023-02
220,87,2024-03-06,7,175.45,West,0.08,1129.9,P44,Clothing,2024-03,2024-03
221,129,2023-11-05,1,494.38,East,0.05,469.66,P43,Home,2023-11,2023-03
222,147,2023-05-17,8,22.37,East,0.03,173.59,P45,Home,2023-05,2023-02
223,126,2023-07-21,6,133.8,North,0.13,698.44,P21,Clothing,2023-07,2023-03
224,130,2024-03-11,5,264.84,East,0.03,1284.47,P23,Clothing,2024-03,2023-03
225,53,2023-11-09,9,265.76,North,0.05,2272.25,P43,Books,2023-11,2023-01
226,172,2023-04-27,2,298.58,West,0.16,501.61,P16,Books,2023-04,2023-04
227,160,2024-10-27,5,378.32,East,0.05,1797.02,P47,Books,2024-10,2023-05
228,198,2024-07-28,6,315.5,South,0.02,1855.14,P15,Home,2024-07,2023-05
229,160,2023-09-01,7,304.14,West,0.1,1916.08,P25,Books,2023-09,2023-05
230,68,2024-06-20,5,36.22,North,0.07,168.42,P36,Electronics,2024-06,2023-01
231,183,2024-08-24,9,194.5,West,0.15,1487.93,P11,Electronics,2024-08,2024-03
232,184,2023-03-16,1,123.71,North,0.03,120.0,P15,Books,2023-03,2023-03
233,123,2024-01-21,7,140.03,West,0.23,754.76,P4,Electronics,2024-01,2024-01
234,145,2023-07-29,7,281.63,North,0.27,1439.13,P21,Home,2023-07,2023-01
235,38,2024-04-19,4,107.76,East,0.22,336.21,P13,Electronics,2024-04,2023-05
236,24,2024-02-22,9,154.04,South,0.16,1164.54,P22,Home,2024-02,2023-05
237,69,2023-12-13,5,126.17,North,0.26,466.83,P19,Clothing,2023-12,2023-01
238,116,2024-06-12,4,474.77,West,0.21,1500.27,P34,Clothing,2024-06,2023-06
239,98,2024-10-01,7,472.89,North,0.0,3310.23,P14,Clothing,2024-10,2023-01
240,198,2023-06-28,4,308.87,North,0.12,1087.22,P4,Clothing,2023-06,2023-05
241,139,2023-07-01,3,463.02,North,0.26,1027.9,P48,Electronics,2023-07,2023-02
242,144,2024-10-25,9,395.05,West,0.1,3199.91,P46,Books,2024-10,2023-01
243,97,2023-01-25,8,299.07,South,0.01,2368.63,P27,Electronics,2023-01,2023-01
244,124,2023-06-29,1,13.15,East,0.22,10.26,P29,Home,2023-06,2023-06
245,187,2024-12-10,7,388.53,South,0.24,2066.98,P47,Electronics,2024-12,2023-02
246,70,2024-05-15,9,354.22,North,0.05,3028.58,P28,Electronics,2024-05,2023-05
247,93,2023-06-10,8,311.47,West,0.16,2093.08,P35,Home,2023-06,2023-03
248,3,2023-06-26,8,382.61,South,0.06,2877.23,P8,Clothing,2023-06,2023-06
249,148,2023-10-12,6,261.33,North,0.22,1223.02,P16,Clothing,2023-10,2023-03
250,187,2023-03-04,4,355.0,East,0.08,1306.4,P42,Clothing,2023-03,2023-02
251,164,2024-10-23,8,468.23,East,0.09,3408.71,P36,Books,2024-10,2023-02
252,147,2024-10-27,3,194.14,East,0.25,436.82,P30,Home,2024-10,2023-02
253,90,2023-06-05,9,356.98,North,0.14,2763.03,P18,Home,2023-06,2023-01
254,195,2024-04-13,2,243.09,West,0.2,388.94,P2,Electronics,2024-04,2023-03
255,147,2023-02-18,2,340.46,South,0.12,599.21,P49,Books,2023-02,2023-02
256,148,2023-03-25,7,383.82,East,0.09,2444.93,P13,Clothing,2023-03,2023-03
257,96,2023-12-27,4,32.27,North,0.19,104.55,P4,Books,2023-12,2023-02
258,199,2024-11-19,8,326.83,North,0.05,2483.91,P26,Home,2024-11,2024-05
259,52,2023-05-28,9,121.1,South,0.11,970.01,P25,Home,2023-05,2023-05
260,161,2024-09-21,7,338.32,East,0.06,2226.15,P30,Electronics,2024-09,2023-02
261,168,2023-12-08,5,239.48,North,0.21,945.95,P11,Electronics,2023-12,2023-02
262,128,2024-04-20,8,389.04,South,0.28,2240.87,P7,Home,2024-04,2023-01
263,39,2023-03-04,4,70.47,West,0.3,197.32,P31,Clothing,2023-03,2023-03
264,82,2024-12-01,2,316.9,West,0.14,545.07,P44,Clothing,2024-12,2023-08
265,104,2023-12-26,6,146.45,West,0.08,808.4,P10,Books,2023-12,2023-01
266,129,2024-07-14,9,427.96,East,0.13,3350.93,P39,Home,2024-07,2023-03
267,11,2023-11-23,1,464.91,South,0.25,348.68,P13,Home,2023-11,2023-11
268,185,2023-05-21,7,498.24,South,0.06,3278.42,P31,Clothing,2023-05,2023-05
269,178,2023-08-03,9,400.04,North,0.29,2556.26,P7,Clothing,2023-08,2023-04
270,151,2024-03-10,9,379.33,North,0.1,3072.57,P49,Home,2024-03,2023-01
271,159,2024-12-23,3,115.6,North,0.3,242.76,P42,Electronics,2024-12,2024-07
272,42,2023-11-14,5,174.64,South,0.25,654.9,P42,Home,2023-11,2023-06
273,99,2023-02-01,8,238.18,North,0.24,1448.13,P36,Home,2023-02,2023-01
274,7,2024-10-31,8,388.96,South,0.1,2800.51,P20,Clothing,2024-10,2023-02
275,144,2023-10-12,4,458.33,South,0.0,1833.32,P4,Clothing,2023-10,2023-01
276,90,2023-11-01,1,102.68,West,0.11,91.39,P7,Electronics,2023-11,2023-01
277,112,2024-03-04,1,461.96,North,0.09,420.38,P1,Electronics,2024-03,2023-09
278,60,2024-04-21,4,350.86,West,0.01,1389.41,P44,Books,2024-04,2024-03
279,113,2023-10-13,6,309.28,East,0.15,1577.33,P45,Home,2023-10,2023-01
280,2,2023-05-24,8,107.92,East,0.12,759.76,P42,Clothing,2023-05,2023-05
281,129,2024-02-28,6,37.21,East,0.19,180.84,P47,Electronics,2024-02,2023-03
282,48,2023-01-19,9,288.55,South,0.19,2103.53,P13,Books,2023-01,2023-01
283,140,2023-01-18,9,329.24,South,0.04,2844.63,P22,Books,2023-01,2023-01
284,197,2024-08-12,2,113.28,South,0.29,160.86,P21,Clothing,2024-08,2023-08
285,37,2024-01-06,1,282.66,North,0.06,265.7,P22,Clothing,2024-01,2023-04
286,160,2023-06-24,2,429.68,West,0.13,747.64,P28,Books,2023-06,2023-05
287,9,2023-07-13,5,419.18,South,0.15,1781.52,P9,Electronics,2023-07,2023-03
288,99,2024-05-16,4,464.4,West,0.24,1411.78,P26,Books,2024-05,2023-01
289,147,2023-04-23,4,189.28,West,0.03,734.41,P9,Home,2023-04,2023-02
290,48,2023-04-24,9,165.84,West,0.13,1298.53,P15,Home,2023-04,2023-01
291,131,2023-08-10,8,377.22,North,0.19,2444.39,P10,Clothing,2023-08,2023-08
292,148,2024-11-08,6,221.25,North,0.06,1247.85,P24,Electronics,2024-11,2023-03
293,152,2024-10-05,1,52.9,East,0.19,42.85,P42,Electronics,2024-10,2023-04
294,54,2023-09-21,2,148.57,East,0.28,213.94,P8,Home,2023-09,2023-02
295,120,2023-02-24,6,215.11,West,0.3,903.46,P24,Books,2023-02,2023-02
296,161,2024-10-04,2,153.33,East,0.01,303.59,P16,Clothing,2024-10,2023-02
297,152,2024-04-02,5,172.78,West,0.07,803.43,P49,Books,2024-04,2023-04
298,116,2023-06-11,5,153.95,North,0.09,700.47,P26,Books,2023-06,2023-06
299,75,2024-01-15,6,30.33,North,0.12,160.14,P27,Books,2024-01,2023-05
300,113,2023-03-28,6,322.18,North,0.07,1797.76,P37,Electronics,2023-03,2023-01
301,164,2023-02-24,6,302.67,South,0.06,1707.06,P4,Home,2023-02,2023-02
302,166,2024-04-20,2,330.16,West,0.29,468.83,P24,Electronics,2024-04,2023-10
303,104,2023-06-27,3,104.23,North,0.28,225.14,P19,Home,2023-06,2023-01
304,84,2024-01-26,6,154.87,West,0.01,919.93,P36,Clothing,2024-01,2023-10
305,112,2023-12-15,8,313.61,East,0.1,2257.99,P39,Clothing,2023-12,2023-09
306,99,2023-01-08,1,303.82,East,0.12,267.36,P10,Books,2023-01,2023-01
307,153,2023-11-09,1,258.1,North,0.07,240.03,P25,Home,2023-11,2023-04
308,93,2024-03-18,2,181.7,West,0.19,294.35,P18,Home,2024-03,2023-03
309,146,2023-11-24,6,457.34,North,0.19,2222.67,P19,Home,2023-11,2023-02
310,128,2023-02-23,9,176.49,East,0.26,1175.42,P36,Books,2023-02,2023-01
311,110,2023-08-27,4,233.25,North,0.22,727.74,P10,Books,2023-08,2023-01
312,82,2023-08-17,3,342.28,West,0.16,862.55,P33,Clothing,2023-08,2023-08
313,194,2024-08-01,8,276.08,East,0.2,1766.91,P5,Electronics,2024-08,2023-06
314,54,2023-02-20,9,179.97,South,0.08,1490.15,P47,Home,2023-02,2023-02
315,163,2024-08-31,5,223.47,East,0.18,916.23,P49,Home,2024-08,2023-06
316,189,2024-08-26,9,399.3,South,0.15,3054.65,P35,Electronics,2024-08,2023-01
317,169,2023-09-21,2,146.28,North,0.04,280.86,P44,Home,2023-09,2023-09
318,161,2024-02-22,3,79.71,North,0.07,222.39,P34,Books,2024-02,2023-02
319,68,2023-04-06,7,163.45,West,0.09,1041.18,P33,Books,2023-04,2023-01
320,33,2023-03-29,7,426.27,South,0.28,2148.4,P21,Home,2023-03,2023-03
321,142,2023-03-19,6,53.6,North,0.07,299.09,P17,Books,2023-03,2023-03
322,21,2023-10-15,6,495.93,South,0.09,2707.78,P22,Books,2023-10,2023-03
323,48,2023-04-30,2,275.09,North,0.11,489.66,P48,Home,2023-04,2023-01
324,148,2024-05-05,6,492.57,East,0.2,2364.34,P37,Clothing,2024-05,2023-03
325,128,2024-03-27,4,470.11,North,0.04,1805.22,P15,Electronics,2024-03,2023-01
326,136,2024-05-14,3,231.88,West,0.29,493.9,P35,Books,2024-05,2023-02
327,135,2023-06-14,2,107.26,East,0.26,158.74,P28,Clothing,2023-06,2023-01
328,195,2023-07-01,1,90.79,West,0.17,75.36,P7,Books,2023-07,2023-03
329,145,2024-04-13,5,127.59,East,0.2,510.36,P32,Books,2024-04,2023-01
330,128,2023-01-07,2,357.96,South,0.0,715.92,P11,Electronics,2023-01,2023-01
331,33,2023-11-26,2,143.75,West,0.1,258.75,P10,Books,2023-11,2023-03
332,176,2024-11-03,7,177.3,North,0.24,943.24,P9,Electronics,2024-11,2024-02
333,187,2023-05-31,8,229.9,South,0.02,1802.42,P14,Electronics,2023-05,2023-02
334,115,2023-03-26,8,457.48,North,0.08,3367.05,P13,Electronics,2023-03,2023-01
335,119,2023-05-27,4,102.8,East,0.18,337.18,P25,Clothing,2023-05,2023-05
336,22,2024-09-15,1,12.46,East,0.08,11.46,P2,Home,2024-09,2023-01
337,158,2024-01-16,7,39.45,North,0.28,198.83,P35,Clothing,2024-01,2023-06
338,38,2024-07-01,1,453.34,North,0.04,435.21,P7,Home,2024-07,2023-05
339,109,2023-10-12,4,327.28,South,0.24,994.93,P21,Home,2023-10,2023-01
340,51,2024-11-30,8,143.79,North,0.15,977.77,P18,Electronics,2024-11,2023-01
341,182,2023-03-23,2,96.82,West,0.23,149.1,P3,Books,2023-03,2023-03
342,8,2024-05-28,6,154.19,West,0.09,841.88,P42,Electronics,2024-05,2023-01
343,27,2024-12-09,6,66.25,North,0.15,337.88,P39,Books,2024-12,2023-01
344,27,2024-06-06,9,471.35,West,0.26,3139.19,P41,Home,2024-06,2023-01
345,21,2024-01-21,5,394.26,North,0.14,1695.32,P49,Electronics,2024-01,2023-03
346,30,2024-12-07,4,236.57,South,0.11,842.19,P11,Books,2024-12,2023-09
347,97,2024-04-15,5,433.83,West,0.16,1822.09,P39,Clothing,2024-04,2023-01
348,28,2023-04-29,5,132.23,West,0.22,515.7,P24,Books,2023-04,2023-03
349,111,2024-01-31,8,361.39,North,0.13,2515.27,P46,Electronics,2024-01,2023-01
350,192,2024-06-15,8,429.5,West,0.28,2473.92,P19,Clothing,2024-06,2023-01
351,197,2023-09-18,2,184.82,East,0.09,336.37,P4,Books,2023-09,2023-08
352,61,2023-09-13,7,381.16,South,0.14,2294.58,P26,Books,2023-09,2023-01
353,48,2023-08-14,8,154.59,South,0.23,952.27,P38,Books,2023-08,2023-01
354,147,2023-02-22,6,156.44,West,0.21,741.53,P42,Books,2023-02,2023-02
355,4,2024-05-14,5,62.46,West,0.26,231.1,P32,Books,2024-05,2024-01
356,35,2024-05-20,9,225.63,East,0.3,1421.47,P39,Clothing,2024-05,2023-01
357,192,2023-12-30,3,367.56,East,0.13,959.33,P45,Home,2023-12,2023-01
358,49,2023-10-07,4,470.71,West,0.03,1826.35,P46,Clothing,2023-10,2023-08
359,17,2024-08-15,9,305.86,West,0.01,2725.21,P36,Clothing,2024-08,2023-04
360,172,2024-12-14,6,432.94,East,0.22,2026.16,P40,Clothing,2024-12,2023-04
361,158,2023-06-07,8,413.02,North,0.26,2445.08,P37,Home,2023-06,2023-06
362,46,2024-09-23,7,94.94,East,0.07,618.06,P33,Electronics,2024-09,2023-12
363,117,2023-02-28,2,248.05,North,0.05,471.3,P36,Home,2023-02,2023-01
364,6,2024-12-27,3,67.29,South,0.02,197.83,P3,Clothing,2024-12,2023-01
365,99,2023-05-08,1,344.26,South,0.25,258.2,P9,Books,2023-05,2023-01
366,124,2024-12-21,9,475.45,East,0.09,3893.94,P8,Books,2024-12,2023-06
367,37,2023-04-25,7,77.17,North,0.12,475.37,P33,Clothing,2023-04,2023-04
368,24,2023-07-28,1,369.6,East,0.15,314.16,P6,Books,2023-07,2023-05
369,93,2024-06-09,3,319.8,East,0.25,719.55,P41,Clothing,2024-06,2023-03
370,46,2024-06-04,4,295.97,North,0.2,947.1,P39,Books,2024-06,2023-12
371,181,2024-07-05,4,201.16,East,0.18,659.8,P4,Home,2024-07,2023-06
372,95,2023-08-25,5,184.01,South,0.05,874.05,P13,Electronics,2023-08,2023-06
373,99,2023-10-08,3,32.17,West,0.15,82.03,P49,Electronics,2023-10,2023-01
374,188,2023-12-25,3,116.78,West,0.21,276.77,P2,Home,2023-12,2023-02
375,116,2023-07-20,1,17.44,East,0.29,12.38,P5,Home,2023-07,2023-06
376,191,2023-10-05,7,294.89,North,0.06,1940.38,P44,Clothing,2023-10,2023-01
377,160,2023-08-23,1,61.87,North,0.0,61.87,P27,Clothing,2023-08,2023-05
378,161,2024-05-08,2,437.78,South,0.02,858.05,P32,Clothing,2024-05,2023-02
379,67,2023-01-04,4,266.34,North,0.11,948.17,P21,Books,2023-01,2023-01
380,128,2024-10-27,4,352.85,North,0.25,1058.55,P8,Clothing,2024-10,2023-01
381,18,2024-03-17,5,211.32,South,0.0,1056.6,P38,Home,2024-03,2023-04
382,25,2023-01-29,2,284.68,East,0.14,489.65,P8,Electronics,2023-01,2023-01
383,54,2023-04-19,4,471.9,West,0.1,1698.84,P3,Books,2023-04,2023-02
384,58,2024-09-01,1,50.54,South,0.02,49.53,P44,Clothing,2024-09,2023-01
385,67,2024-12-27,2,134.43,East,0.14,231.22,P3,Books,2024-12,2023-01
386,104,2023-03-16,1,392.19,South,0.08,360.81,P22,Books,2023-03,2023-01
387,174,2023-05-26,4,58.38,East,0.11,207.83,P6,Clothing,2023-05,2023-05
388,24,2023-05-08,4,47.07,South,0.21,148.74,P2,Books,2023-05,2023-05
389,114,2023-02-11,7,187.16,East,0.16,1100.5,P23,Electronics,2023-02,2023-02
390,32,2023-12-22,9,55.16,South,0.04,476.58,P44,Home,2023-12,2023-12
391,175,2023-02-10,9,296.69,East,0.29,1895.85,P2,Home,2023-02,2023-02
392,86,2023-02-03,5,120.87,South,0.19,489.52,P38,Electronics,2023-02,2023-01
393,151,2023-01-17,1,448.89,West,0.23,345.65,P17,Books,2023-01,2023-01
394,194,2024-11-07,1,393.92,West,0.02,386.04,P35,Clothing,2024-11,2023-06
395,127,2023-06-02,6,352.86,North,0.01,2095.99,P34,Books,2023-06,2023-04
396,155,2024-01-13,2,312.3,East,0.01,618.35,P23,Electronics,2024-01,2023-05
397,130,2024-08-10,8,433.1,South,0.06,3256.91,P30,Books,2024-08,2023-03
398,17,2024-08-21,9,119.3,East,0.12,944.86,P8,Home,2024-08,2023-04
399,104,2024-09-20,4,437.82,West,0.28,1260.92,P22,Books,2024-09,2023-01
400,161,2023-12-08,5,396.85,East,0.14,1706.46,P44,Electronics,2023-12,2023-02
401,137,2023-01-27,8,376.6,South,0.09,2741.65,P36,Home,2023-01,2023-01
402,43,2023-10-14,3,285.02,East,0.17,709.7,P5,Books,2023-10,2023-09
403,176,2024-10-07,5,130.66,South,0.03,633.7,P13,Books,2024-10,2024-02
404,39,2024-12-31,3,217.54,West,0.18,535.15,P29,Home,2024-12,2023-03
405,170,2023-06-17,3,398.85,West,0.17,993.14,P31,Clothing,2023-06,2023-01
406,26,2024-09-01,3,25.57,West,0.24,58.3,P47,Home,2024-09,2023-12
407,99,2023-09-25,7,393.2,North,0.3,1926.68,P16,Clothing,2023-09,2023-01
408,50,2024-03-30,7,127.63,West,0.08,821.94,P42,Electronics,2024-03,2023-04
409,153,2024-11-15,7,80.71,East,0.15,480.22,P30,Electronics,2024-11,2023-04
410,152,2024-02-05,8,66.69,North,0.27,389.47,P16,Home,2024-02,2023-04
411,13,2024-04-20,5,23.35,West,0.24,88.73,P12,Home,2024-04,2023-06
412,60,2024-12-02,5,266.56,East,0.15,1132.88,P17,Electronics,2024-12,2024-03
413,135,2024-09-25,4,116.95,East,0.28,336.82,P16,Clothing,2024-09,2023-01
414,57,2024-07-11,7,494.82,East,0.02,3394.47,P12,Electronics,2024-07,2023-03
415,36,2024-07-29,4,291.47,South,0.28,839.43,P8,Home,2024-07,2023-03
416,173,2023-05-10,2,77.56,North,0.02,152.02,P20,Electronics,2023-05,2023-01
417,20,2023-12-29,4,347.49,East,0.16,1167.57,P3,Home,2023-12,2023-12
418,65,2024-12-05,8,449.89,South,0.27,2627.36,P16,Home,2024-12,2023-01
419,8,2024-11-23,9,375.14,West,0.08,3106.16,P30,Electronics,2024-11,2023-01
420,144,2023-10-19,3,47.46,East,0.14,122.45,P45,Clothing,2023-10,2023-01
421,142,2024-01-06,7,448.98,South,0.1,2828.57,P23,Books,2024-01,2023-03
422,115,2023-01-29,9,399.03,East,0.29,2549.8,P28,Electronics,2023-01,2023-01
423,143,2023-05-29,4,87.57,North,0.25,262.71,P40,Books,2023-05,2023-05
424,92,2023-10-23,3,35.38,North,0.21,83.85,P5,Electronics,2023-10,2023-01
425,98,2023-01-11,5,283.08,West,0.18,1160.63,P20,Books,2023-01,2023-01
426,66,2024-05-26,1,86.46,East,0.25,64.85,P40,Clothing,2024-05,2024-01
427,32,2024-11-06,3,418.95,South,0.12,1106.03,P44,Clothing,2024-11,2023-12
428,191,2023-04-23,8,185.58,West,0.13,1291.64,P1,Electronics,2023-04,2023-01
429,86,2023-07-06,8,457.32,East,0.22,2853.68,P30,Home,2023-07,2023-01
430,51,2023-08-15,4,287.19,West,0.11,1022.4,P21,Books,2023-08,2023-01
431,153,2023-11-06,2,99.51,South,0.02,195.04,P20,Home,2023-11,2023-04
432,186,2023-04-08,8,78.4,West,0.02,614.66,P6,Home,2023-04,2023-01
433,63,2023-02-24,8,292.47,West,0.03,2269.57,P22,Home,2023-02,2023-02
434,190,2024-09-14,4,383.32,West,0.26,1134.63,P18,Clothing,2024-09,2023-03
435,125,2024-10-25,3,392.94,East,0.14,1013.79,P8,Electronics,2024-10,2024-10
436,150,2024-02-10,2,145.12,South,0.21,229.29,P39,Electronics,2024-02,2023-12
437,58,2023-03-10,9,110.08,North,0.12,871.83,P32,Clothing,2023-03,2023-01
438,58,2023-11-08,1,18.21,East,0.08,16.75,P33,Clothing,2023-11,2023-01
439,86,2023-10-16,7,342.81,North,0.1,2159.7,P16,Electronics,2023-10,2023-01
440,49,2024-07-01,5,47.52,North,0.24,180.58,P12,Home,2024-07,2023-08
441,180,2023-05-28,8,216.17,East,0.19,1400.78,P38,Books,2023-05,2023-02
442,170,2024-04-11,4,304.82,East,0.28,877.88,P34,Books,2024-04,2023-01
443,70,2023-09-01,7,469.18,South,0.2,2627.41,P14,Books,2023-09,2023-05
444,15,2024-05-05,5,162.78,South,0.17,675.54,P36,Home,2024-05,2023-04
445,54,2024-05-21,5,132.39,West,0.18,542.8,P33,Electronics,2024-05,2023-02
446,188,2023-12-31,9,330.54,North,0.28,2141.9,P23,Clothing,2023-12,2023-02
447,101,2024-04-26,9,313.43,South,0.24,2143.86,P45,Electronics,2024-04,2023-06
448,8,2023-07-20,9,172.73,West,0.01,1539.02,P2,Home,2023-07,2023-01
449,53,2023-06-03,6,464.77,South,0.16,2342.44,P41,Clothing,2023-06,2023-01
450,60,2024-03-25,6,423.98,East,0.21,2009.67,P21,Home,2024-03,2024-03
451,108,2024-05-15,5,119.75,South,0.22,467.03,P2,Books,2024-05,2023-04
452,5,2023-03-14,9,127.18,North,0.06,1075.94,P27,Books,2023-03,2023-01
453,103,2024-12-13,8,261.03,South,0.26,1545.3,P9,Home,2024-12,2023-06
454,196,2023-10-23,7,389.05,North,0.29,1933.58,P1,Clothing,2023-10,2023-10
455,6,2023-01-17,7,31.58,East,0.07,205.59,P11,Clothing,2023-01,2023-01
456,109,2024-10-02,6,349.73,North,0.26,1552.8,P3,Electronics,2024-10,2023-01
457,116,2023-08-05,5,327.64,South,0.03,1589.05,P23,Books,2023-08,2023-06
458,94,2023-03-02,4,123.43,West,0.02,483.85,P26,Electronics,2023-03,2023-03
459,47,2024-09-07,3,343.86,East,0.04,990.32,P4,Electronics,2024-09,2023-03
460,99,2023-02-11,3,470.69,South,0.02,1383.83,P18,Home,2023-02,2023-01
461,55,2023-01-25,6,32.93,East,0.25,148.19,P6,Home,2023-01,2023-01
462,168,2023-02-08,4,166.63,East,0.02,653.19,P35,Electronics,2023-02,2023-02
463,52,2023-05-11,6,224.71,South,0.08,1240.4,P22,Books,2023-05,2023-05
464,144,2024-05-12,3,450.64,South,0.03,1311.36,P43,Home,2024-05,2023-01
465,13,2023-08-17,4,481.51,West,0.09,1752.7,P15,Electronics,2023-08,2023-06
466,114,2023-04-18,9,227.62,East,0.03,1987.12,P22,Electronics,2023-04,2023-02
467,124,2023-06-21,5,377.51,East,0.2,1510.04,P37,Electronics,2023-06,2023-06
468,106,2024-03-10,7,270.51,South,0.04,1817.83,P42,Electronics,2024-03,2023-11
469,158,2024-04-22,2,273.51,North,0.26,404.79,P12,Electronics,2024-04,2023-06
470,147,2023-04-12,5,146.27,South,0.25,548.51,P47,Electronics,2023-04,2023-02
471,145,2024-06-07,9,116.31,East,0.0,1046.79,P49,Home,2024-06,2023-01
472,120,2023-10-02,3,151.12,South,0.27,330.95,P42,Books,2023-10,2023-02
473,63,2024-09-04,9,282.6,West,0.01,2517.97,P38,Electronics,2024-09,2023-02
474,19,2023-02-13,6,24.29,North,0.07,135.54,P18,Clothing,2023-02,2023-02
475,92,2023-01-17,4,454.55,South,0.01,1800.02,P45,Home,2023-01,2023-01
476,58,2023-11-26,7,86.58,West,0.1,545.45,P35,Home,2023-11,2023-01
477,183,2024-07-22,8,117.84,East,0.15,801.31,P30,Electronics,2024-07,2024-03
478,90,2024-05-11,6,263.96,South,0.24,1203.66,P24,Home,2024-05,2023-01
479,117,2023-01-12,5,357.96,East,0.1,1610.82,P42,Electronics,2023-01,2023-01
480,62,2023-11-14,6,56.91,West,0.21,269.75,P30,Books,2023-11,2023-02
481,23,2024-08-14,5,165.67,East,0.06,778.65,P14,Books,2024-08,2023-03
482,127,2023-08-04,8,484.65,West,0.23,2985.44,P6,Home,2023-08,2023-04
483,137,2023-12-05,1,138.55,West,0.07,128.85,P3,Home,2023-12,2023-01
484,140,2024-10-22,7,163.39,West,0.04,1097.98,P16,Clothing,2024-10,2023-01
485,129,2023-03-22,2,419.88,South,0.06,789.37,P7,Home,2023-03,2023-03
486,58,2024-12-27,9,34.61,East,0.05,295.92,P14,Clothing,2024-12,2023-01
487,122,2024-04-29,1,237.66,East,0.15,202.01,P9,Books,2024-04,2023-09
488,1,2024-01-09,6,196.01,North,0.25,882.05,P15,Books,2024-01,2023-11
489,34,2024-12-10,9,165.13,North,0.02,1456.45,P21,Electronics,2024-12,2023-04
490,96,2023-07-19,1,149.99,North,0.21,118.49,P35,Books,2023-07,2023-02
491,126,2024-06-20,4,54.77,North,0.2,175.26,P2,Clothing,2024-06,2023-03
492,118,2024-04-10,4,164.26,East,0.26,486.21,P27,Home,2024-04,2023-03
493,48,2023-03-30,9,31.1,West,0.07,260.31,P2,Electronics,2023-03,2023-01
494,89,2023-09-25,5,392.67,West,0.14,1688.48,P35,Clothing,2023-09,2023-01
495,117,2024-10-16,5,205.13,South,0.28,738.47,P18,Home,2024-10,2023-01
496,129,2024-07-24,6,227.51,West,0.2,1092.05,P14,Electronics,2024-07,2023-03
497,16,2024-05-03,1,447.86,East,0.12,394.12,P20,Books,2024-05,2023-07
498,189,2024-06-21,1,332.45,East,0.04,319.15,P18,Clothing,2024-06,2023-01
499,192,2023-02-16,9,13.95,East,0.08,115.51,P10,Home,2023-02,2023-01
500,191,2023-10-15,3,472.16,South,0.17,1175.68,P25,Electronics,2023-10,2023-01
501,69,2023-01-16,4,126.2,North,0.22,393.74,P2,Electronics,2023-01,2023-01
502,22,2024-12-11,1,62.73,West,0.04,60.22,P25,Books,2024-12,2023-01
503,93,2024-02-05,9,386.38,East,0.18,2851.48,P33,Home,2024-02,2023-03
504,195,2023-03-27,8,255.23,East,0.17,1694.73,P36,Books,2023-03,2023-03
505,76,2023-09-07,2,222.55,North,0.15,378.34,P31,Books,2023-09,2023-09
506,154,2024-01-26,8,132.26,East,0.21,835.88,P14,Home,2024-01,2023-09
507,144,2023-12-01,7,278.26,West,0.25,1460.87,P1,Home,2023-12,2023-01
508,179,2024-09-20,6,144.45,South,0.1,780.03,P46,Home,2024-09,2023-03
509,86,2024-06-02,1,451.78,East,0.27,329.8,P16,Clothing,2024-06,2023-01
510,185,2023-05-17,7,115.45,West,0.05,767.74,P46,Home,2023-05,2023-05
511,29,2024-11-18,7,443.33,East,0.05,2948.14,P3,Electronics,2024-11,2023-04
512,69,2024-05-12,9,284.11,North,0.08,2352.43,P35,Books,2024-05,2023-01
513,47,2024-12-27,1,415.96,East,0.04,399.32,P41,Clothing,2024-12,2023-03
514,94,2024-04-21,2,359.29,East,0.07,668.28,P6,Home,2024-04,2023-03
515,190,2024-08-16,9,351.38,South,0.03,3067.55,P25,Clothing,2024-08,2023-03
516,197,2023-08-11,9,168.93,North,0.25,1140.28,P13,Home,2023-08,2023-08
517,144,2024-01-07,6,124.61,North,0.04,717.75,P34,Clothing,2024-01,2023-01
518,176,2024-02-06,6,113.33,South,0.22,530.38,P8,Books,2024-02,2024-02
519,85,2024-03-18,4,430.02,East,0.01,1702.88,P21,Books,2024-03,2023-11
520,39,2024-05-04,4,412.01,West,0.28,1186.59,P34,Electronics,2024-05,2023-03
521,100,2024-09-06,5,225.88,North,0.21,892.23,P4,Electronics,2024-09,2023-07
522,33,2023-09-30,3,74.88,North,0.0,224.64,P25,Home,2023-09,2023-03
523,101,2024-06-09,1,197.3,East,0.23,151.92,P15,Books,2024-06,2023-06
524,23,2023-06-08,1,313.48,East,0.15,266.46,P4,Clothing,2023-06,2023-03
525,10,2023-06-01,7,232.66,North,0.23,1254.04,P45,Clothing,2023-06,2023-06
526,69,2024-09-11,1,392.29,East,0.16,329.52,P12,Clothing,2024-09,2023-01
527,100,2023-07-07,1,498.84,West,0.19,404.06,P32,Electronics,2023-07,2023-07
528,34,2023-04-08,3,103.65,North,0.24,236.32,P32,Clothing,2023-04,2023-04
529,180,2023-05-11,4,235.23,West,0.12,828.01,P28,Electronics,2023-05,2023-02
530,138,2023-06-20,4,221.18,West,0.0,884.72,P13,Electronics,2023-06,2023-06
531,147,2023-07-02,2,159.2,East,0.25,238.8,P31,Home,2023-07,2023-02
532,186,2023-12-30,1,107.07,West,0.11,95.29,P14,Clothing,2023-12,2023-01
533,96,2023-02-08,3,42.19,East,0.15,107.58,P20,Clothing,2023-02,2023-02
534,1,2024-06-10,4,444.69,South,0.0,1778.76,P18,Books,2024-06,2023-11
535,69,2024-05-11,3,215.73,East,0.15,550.11,P29,Home,2024-05,2023-01
536,4,2024-05-30,8,253.48,West,0.3,1419.49,P6,Books,2024-05,2024-01
537,16,2023-12-15,1,459.3,South,0.08,422.56,P32,Home,2023-12,2023-07
538,24,2024-02-01,2,390.38,East,0.12,687.07,P29,Clothing,2024-02,2023-05
539,80,2024-12-22,7,73.95,West,0.21,408.94,P43,Electronics,2024-12,2023-11
540,2,2023-06-10,4,287.06,North,0.24,872.66,P2,Electronics,2023-06,2023-05
541,128,2023-01-16,8,226.7,North,0.13,1577.83,P23,Electronics,2023-01,2023-01
542,160,2024-05-07,3,400.63,East,0.09,1093.72,P19,Electronics,2024-05,2023-05
543,84,2024-03-01,6,364.87,East,0.28,1576.24,P31,Electronics,2024-03,2023-10
544,152,2023-04-18,9,348.3,North,0.2,2507.76,P5,Books,2023-04,2023-04
545,140,2024-03-25,1,176.87,West,0.04,169.8,P19,Home,2024-03,2023-01
546,178,2023-11-07,1,404.43,West,0.02,396.34,P34,Clothing,2023-11,2023-04
547,163,2023-06-19,8,35.67,West,0.15,242.56,P10,Books,2023-06,2023-06
548,124,2024-06-29,3,88.22,East,0.07,246.13,P25,Home,2024-06,2023-06
549,33,2024-02-18,5,174.46,South,0.08,802.52,P2,Electronics,2024-02,2023-03
550,161,2023-09-08,1,47.64,South,0.26,35.25,P11,Home,2023-09,2023-02
551,189,2023-05-21,5,125.15,South,0.03,606.98,P31,Home,2023-05,2023-01
552,179,2023-10-01,6,416.77,South,0.21,1975.49,P15,Electronics,2023-10,2023-03
553,171,2024-02-20,8,474.64,South,0.08,3493.35,P9,Electronics,2024-02,2024-02
554,101,2024-08-30,3,159.26,East,0.23,367.89,P23,Electronics,2024-08,2023-06
555,12,2023-02-08,3,139.61,East,0.22,326.69,P19,Clothing,2023-02,2023-01
556,67,2023-01-29,9,147.15,South,0.0,1324.35,P9,Electronics,2023-01,2023-01
557,65,2024-04-21,4,146.08,East,0.15,496.67,P35,Clothing,2024-04,2023-01
558,161,2023-11-14,4,27.61,East,0.04,106.02,P21,Electronics,2023-11,2023-02
559,168,2023-09-02,7,464.19,South,0.26,2404.5,P9,Clothing,2023-09,2023-02
560,74,2024-11-27,2,114.71,West,0.26,169.77,P28,Home,2024-11,2023-01
561,43,2023-09-29,8,215.8,East,0.13,1501.97,P46,Books,2023-09,2023-09
562,44,2024-03-15,6,14.75,West,0.13,77.0,P7,Home,2024-03,2023-09
563,29,2023-08-27,3,430.4,East,0.09,1174.99,P16,Home,2023-08,2023-04
564,141,2024-01-12,9,368.27,East,0.21,2618.4,P16,Electronics,2024-01,2023-02
565,12,2023-09-23,5,473.91,South,0.11,2108.9,P33,Clothing,2023-09,2023-01
566,95,2023-12-25,8,392.99,East,0.08,2892.41,P4,Books,2023-12,2023-06
567,46,2023-12-06,7,163.72,North,0.13,997.05,P4,Electronics,2023-12,2023-12
568,130,2024-01-24,8,131.46,North,0.03,1020.13,P39,Electronics,2024-01,2023-03
569,35,2024-07-30,7,351.88,South,0.22,1921.26,P40,Electronics,2024-07,2023-01
570,81,2024-11-19,3,188.42,West,0.0,565.26,P17,Home,2024-11,2023-03
571,90,2023-01-03,2,287.45,West,0.19,465.67,P37,Clothing,2023-01,2023-01
572,8,2024-03-04,7,13.07,West,0.05,86.92,P39,Clothing,2024-03,2023-01
573,93,2023-05-22,3,40.32,North,0.07,112.49,P29,Books,2023-05,2023-03
574,154,2024-01-11,3,272.33,West,0.19,661.76,P36,Clothing,2024-01,2023-09
575,90,2024-10-31,2,287.38,West,0.3,402.33,P38,Clothing,2024-10,2023-01
576,162,2023-11-20,4,378.21,South,0.23,1164.89,P39,Electronics,2023-11,2023-04
577,115,2023-05-26,8,74.66,West,0.07,555.47,P37,Electronics,2023-05,2023-01
578,105,2023-10-20,1,261.46,North,0.05,248.39,P35,Home,2023-10,2023-10
579,135,2024-10-26,1,105.28,North,0.26,77.91,P7,Electronics,2024-10,2023-01
580,196,2024-03-07,5,55.67,North,0.13,242.16,P27,Electronics,2024-03,2023-10
581,58,2024-12-05,5,211.14,South,0.04,1013.47,P28,Electronics,2024-12,2023-01
582,114,2024-08-07,1,90.03,South,0.26,66.62,P22,Electronics,2024-08,2023-02
583,75,2024-02-03,6,118.67,East,0.24,541.14,P14,Home,2024-02,2023-05
584,157,2023-12-10,1,165.6,West,0.3,115.92,P7,Electronics,2023-12,2023-09
585,120,2023-05-20,5,137.1,South,0.27,500.42,P37,Books,2023-05,2023-02
586,164,2023-07-06,9,52.92,North,0.26,352.45,P22,Books,2023-07,2023-02
587,21,2023-03-02,5,54.06,North,0.02,264.89,P5,Books,2023-03,2023-03
588,164,2024-01-15,6,104.69,South,0.03,609.3,P2,Books,2024-01,2023-02
589,138,2024-12-10,8,34.77,South,0.17,230.87,P27,Electronics,2024-12,2023-06
590,101,2024-03-15,1,316.96,South,0.16,266.25,P21,Books,2024-03,2023-06
591,152,2023-11-15,2,150.79,East,0.14,259.36,P38,Electronics,2023-11,2023-04
592,192,2023-10-29,9,147.08,North,0.12,1164.87,P15,Home,2023-10,2023-01
593,177,2023-12-10,3,172.68,East,0.13,450.69,P21,Books,2023-12,2023-10
594,99,2023-01-11,6,334.77,East,0.17,1667.15,P10,Clothing,2023-01,2023-01
595,36,2023-03-03,5,436.61,West,0.0,2183.05,P23,Books,2023-03,2023-03
596,96,2023-08-14,2,381.95,North,0.08,702.79,P39,Books,2023-08,2023-02
597,152,2023-06-02,7,366.49,North,0.16,2154.96,P5,Electronics,2023-06,2023-04
598,151,2024-12-11,4,247.35,South,0.22,771.73,P1,Books,2024-12,2023-01
599,190,2024-07-17,1,349.96,South,0.05,332.46,P13,Clothing,2024-07,2023-03
600,37,2024-07-24,4,280.85,West,0.16,943.66,P21,Electronics,2024-07,2023-04
601,12,2024-08-06,6,115.96,East,0.21,549.65,P26,Electronics,2024-08,2023-01
602,113,2024-10-21,7,112.21,South,0.13,683.36,P45,Home,2024-10,2023-01
603,183,2024-07-28,7,155.23,South,0.01,1075.74,P21,Home,2024-07,2024-03
604,13,2023-11-06,7,456.29,North,0.13,2778.81,P18,Books,2023-11,2023-06
605,23,2023-08-31,3,278.23,North,0.09,759.57,P37,Home,2023-08,2023-03
606,99,2024-05-07,6,369.61,South,0.28,1596.72,P45,Home,2024-05,2023-01
607,105,2024-01-01,8,179.81,North,0.04,1380.94,P32,Home,2024-01,2023-10
608,30,2023-11-26,4,209.78,West,0.2,671.3,P36,Electronics,2023-11,2023-09
609,17,2023-04-17,8,71.53,South,0.02,560.8,P17,Electronics,2023-04,2023-04
610,113,2023-08-14,2,93.93,North,0.13,163.44,P35,Electronics,2023-08,2023-01
611,62,2023-08-06,9,415.4,West,0.17,3103.04,P49,Home,2023-08,2023-02
612,84,2024-05-20,9,296.57,North,0.09,2428.91,P11,Electronics,2024-05,2023-10
613,112,2023-09-16,8,175.39,North,0.14,1206.68,P21,Home,2023-09,2023-09
614,86,2024-05-31,1,403.4,North,0.05,383.23,P26,Electronics,2024-05,2023-01
615,141,2023-02-23,2,130.79,South,0.09,238.04,P4,Electronics,2023-02,2023-02
616,187,2023-02-16,6,488.26,East,0.19,2372.94,P34,Clothing,2023-02,2023-02
617,19,2024-12-27,5,178.96,North,0.09,814.27,P48,Books,2024-12,2023-02
618,177,2024-11-19,9,175.28,West,0.27,1151.59,P18,Home,2024-11,2023-10
619,100,2024-06-04,5,162.84,South,0.19,659.5,P40,Clothing,2024-06,2023-07
620,140,2023-04-09,2,69.83,South,0.13,121.5,P35,Electronics,2023-04,2023-01
621,189,2023-01-20,4,64.46,West,0.01,255.26,P41,Home,2023-01,2023-01
622,147,2024-07-26,9,327.57,North,0.15,2505.91,P29,Electronics,2024-07,2023-02
623,76,2024-05-04,1,438.81,East,0.23,337.88,P29,Books,2024-05,2023-09
624,9,2024-02-23,1,397.36,North,0.08,365.57,P38,Clothing,2024-02,2023-03
625,199,2024-11-20,7,79.14,West,0.24,421.02,P42,Books,2024-11,2024-05
626,28,2023-03-03,3,277.34,South,0.08,765.46,P21,Clothing,2023-03,2023-03
627,128,2023-05-25,2,61.74,East,0.25,92.61,P42,Electronics,2023-05,2023-01
628,52,2023-08-04,9,32.19,South,0.03,281.02,P13,Books,2023-08,2023-05
629,83,2023-01-03,3,331.63,West,0.26,736.22,P49,Books,2023-01,2023-01
630,111,2023-06-09,2,272.22,North,0.15,462.77,P41,Electronics,2023-06,2023-01
631,144,2023-04-30,8,50.19,East,0.09,365.38,P17,Books,2023-04,2023-01
632,117,2023-03-30,6,27.12,South,0.08,149.7,P9,Home,2023-03,2023-01
633,69,2023-11-25,6,494.98,South,0.13,2583.8,P41,Clothing,2023-11,2023-01
634,99,2024-08-02,7,24.71,South,0.3,121.08,P1,Clothing,2024-08,2023-01
635,140,2023-12-23,7,227.82,North,0.07,1483.11,P2,Clothing,2023-12,2023-01
636,25,2024-09-01,6,257.26,East,0.03,1497.25,P48,Home,2024-09,2023-01
637,180,2023-09-24,4,67.47,North,0.18,221.3,P29,Clothing,2023-09,2023-02
638,123,2024-09-08,9,92.84,North,0.15,710.23,P33,Electronics,2024-09,2024-01
639,53,2023-11-19,6,182.38,North,0.16,919.2,P10,Books,2023-11,2023-01
640,151,2024-09-26,4,383.22,West,0.2,1226.3,P40,Home,2024-09,2023-01
641,144,2024-06-24,3,258.47,West,0.08,713.38,P21,Clothing,2024-06,2023-01
642,57,2024-10-10,4,322.57,West,0.27,941.9,P28,Electronics,2024-10,2023-03
643,39,2023-07-14,3,492.74,East,0.13,1286.05,P11,Books,2023-07,2023-03
644,109,2023-11-28,2,386.32,North,0.04,741.73,P34,Books,2023-11,2023-01
645,181,2023-06-19,5,222.84,North,0.22,869.08,P8,Home,2023-06,2023-06
646,42,2024-06-04,2,228.76,West,0.19,370.59,P22,Home,2024-06,2023-06
647,186,2024-04-07,6,313.2,North,0.09,1710.07,P8,Home,2024-04,2023-01
648,167,2023-02-09,3,336.03,North,0.19,816.55,P49,Electronics,2023-02,2023-02
649,142,2024-06-20,6,255.35,South,0.07,1424.85,P15,Electronics,2024-06,2023-03
650,122,2023-09-18,9,325.98,North,0.13,2552.42,P17,Home,2023-09,2023-09
651,133,2024-01-30,1,21.53,South,0.27,15.72,P23,Clothing,2024-01,2023-01
652,163,2023-08-14,6,220.52,North,0.04,1270.2,P24,Books,2023-08,2023-06
653,75,2023-05-04,9,146.68,East,0.12,1161.71,P45,Books,2023-05,2023-05
654,146,2023-02-07,4,73.3,West,0.25,219.9,P19,Electronics,2023-02,2023-02
655,76,2023-11-24,2,58.78,South,0.29,83.47,P5,Books,2023-11,2023-09
656,9,2023-09-08,4,305.56,West,0.14,1051.13,P32,Clothing,2023-09,2023-03
657,74,2023-06-25,1,266.56,South,0.15,226.58,P44,Books,2023-06,2023-01
658,186,2024-08-24,3,134.26,South,0.17,334.31,P1,Electronics,2024-08,2023-01
659,145,2024-03-29,9,240.77,South,0.28,1560.19,P23,Electronics,2024-03,2023-01
660,7,2023-02-06,5,251.19,East,0.26,929.4,P37,Clothing,2023-02,2023-02
661,174,2023-11-12,6,105.55,North,0.05,601.64,P8,Clothing,2023-11,2023-05
662,141,2024-11-18,3,329.53,South,0.13,860.07,P13,Books,2024-11,2023-02
663,168,2024-08-15,5,392.65,East,0.14,1688.4,P8,Books,2024-08,2023-02
664,170,2023-04-24,8,397.82,South,0.24,2418.75,P23,Electronics,2023-04,2023-01
665,137,2023-02-09,6,305.21,North,0.18,1501.63,P43,Clothing,2023-02,2023-01
666,178,2023-10-28,4,260.7,South,0.2,834.24,P1,Clothing,2023-10,2023-04
667,27,2023-08-12,2,39.89,East,0.3,55.85,P45,Clothing,2023-08,2023-01
668,122,2023-11-14,9,151.04,North,0.02,1332.17,P24,Books,2023-11,2023-09
669,194,2023-12-15,1,55.7,East,0.07,51.8,P35,Clothing,2023-12,2023-06
670,5,2023-04-25,1,482.27,North,0.12,424.4,P24,Electronics,2023-04,2023-01
671,29,2024-11-28,4,76.19,North,0.1,274.28,P17,Electronics,2024-11,2023-04
672,165,2023-11-19,7,84.37,West,0.01,584.68,P5,Books,2023-11,2023-11
673,166,2024-07-21,1,445.89,West,0.03,432.51,P20,Home,2024-07,2023-10
674,83,2023-02-09,9,472.52,West,0.2,3402.14,P21,Books,2023-02,2023-01
675,136,2023-02-09,4,385.26,North,0.26,1140.37,P40,Home,2023-02,2023-02
676,109,2023-10-16,3,12.65,South,0.15,32.26,P31,Clothing,2023-10,2023-01
677,65,2023-09-19,1,10.66,East,0.16,8.95,P46,Books,2023-09,2023-01
678,86,2023-08-04,4,195.27,East,0.08,718.59,P36,Electronics,2023-08,2023-01
679,145,2023-05-27,9,80.26,East,0.23,556.2,P11,Clothing,2023-05,2023-01
680,71,2023-12-02,6,19.01,West,0.23,87.83,P15,Electronics,2023-12,2023-08
681,45,2023-06-17,6,237.39,North,0.18,1167.96,P19,Clothing,2023-06,2023-05
682,132,2023-04-02,1,472.1,West,0.06,443.77,P7,Books,2023-04,2023-04
683,36,2023-12-19,2,168.67,South,0.03,327.22,P28,Home,2023-12,2023-03
684,70,2024-07-24,6,333.96,North,0.02,1963.68,P43,Clothing,2024-07,2023-05
685,159,2024-07-24,2,329.6,East,0.18,540.54,P5,Home,2024-07,2024-07
686,19,2024-11-11,3,133.03,West,0.25,299.32,P5,Clothing,2024-11,2023-02
687,189,2023-12-29,4,328.71,West,0.26,972.98,P30,Electronics,2023-12,2023-01
688,108,2024-07-10,5,114.04,South,0.14,490.37,P32,Electronics,2024-07,2023-04
689,182,2023-12-11,9,69.78,South,0.24,477.3,P8,Clothing,2023-12,2023-03
690,167,2024-11-23,4,353.68,West,0.28,1018.6,P10,Home,2024-11,2023-02
691,91,2023-06-19,9,65.59,South,0.08,543.09,P38,Books,2023-06,2023-06
692,90,2023-12-22,3,498.49,East,0.12,1316.01,P47,Books,2023-12,2023-01
693,19,2023-07-10,8,99.89,South,0.28,575.37,P32,Electronics,2023-07,2023-02
694,39,2024-10-28,1,301.13,South,0.1,271.02,P48,Books,2024-10,2023-03
695,126,2024-02-26,9,211.57,West,0.27,1390.01,P28,Electronics,2024-02,2023-03
696,195,2024-11-30,9,71.93,West,0.29,459.63,P17,Books,2024-11,2023-03
697,173,2023-01-07,2,23.64,North,0.2,37.82,P31,Clothing,2023-01,2023-01
698,141,2023-05-13,4,315.14,North,0.25,945.42,P8,Electronics,2023-05,2023-02
699,126,2024-07-10,8,405.31,West,0.22,2529.13,P40,Electronics,2024-07,2023-03
700,58,2023-01-31,7,422.59,South,0.21,2336.92,P25,Clothing,2023-01,2023-01
701,148,2024-06-18,1,246.53,South,0.09,224.34,P9,Electronics,2024-06,2023-03
702,61,2024-03-01,5,390.95,North,0.02,1915.66,P2,Books,2024-03,2023-01
703,127,2024-01-29,7,339.7,North,0.1,2140.11,P15,Books,2024-01,2023-04
704,105,2024-11-02,4,364.88,North,0.2,1167.62,P3,Electronics,2024-11,2023-10
705,167,2023-12-29,1,251.37,East,0.03,243.83,P49,Books,2023-12,2023-02
706,1,2024-03-12,9,320.37,East,0.0,2883.33,P36,Home,2024-03,2023-11
707,131,2024-10-31,5,404.71,North,0.04,1942.61,P4,Electronics,2024-10,2023-08
708,92,2024-07-04,2,204.96,South,0.21,323.84,P14,Clothing,2024-07,2023-01
709,190,2023-03-23,8,404.93,North,0.29,2300.0,P41,Home,2023-03,2023-03
710,191,2023-12-22,2,300.09,East,0.29,426.13,P41,Electronics,2023-12,2023-01
711,113,2023-09-15,3,91.29,South,0.15,232.79,P25,Clothing,2023-09,2023-01
712,153,2024-12-18,1,22.1,East,0.26,16.35,P10,Books,2024-12,2023-04
713,56,2024-08-11,2,187.75,South,0.22,292.89,P21,Clothing,2024-08,2023-02
714,161,2024-06-07,7,277.88,East,0.15,1653.39,P36,Home,2024-06,2023-02
715,166,2023-10-22,2,421.51,South,0.17,699.71,P12,Books,2023-10,2023-10
716,117,2023-08-12,6,72.47,South,0.04,417.43,P27,Electronics,2023-08,2023-01
717,134,2024-06-08,3,402.1,South,0.28,868.54,P40,Books,2024-06,2024-06
718,58,2023-02-15,4,432.87,South,0.11,1541.02,P2,Electronics,2023-02,2023-01
719,44,2024-10-28,8,83.84,West,0.13,583.53,P13,Electronics,2024-10,2023-09
720,173,2023-04-23,3,427.28,East,0.2,1025.47,P32,Clothing,2023-04,2023-01
721,160,2023-08-21,6,495.81,East,0.1,2677.37,P31,Clothing,2023-08,2023-05
722,173,2023-01-17,1,366.15,West,0.08,336.86,P16,Clothing,2023-01,2023-01
723,61,2023-12-26,7,394.54,South,0.19,2237.04,P32,Home,2023-12,2023-01
724,47,2023-08-11,8,497.26,South,0.01,3938.3,P32,Home,2023-08,2023-03
725,149,2024-11-30,8,306.69,East,0.22,1913.75,P34,Clothing,2024-11,2024-05
726,80,2024-03-23,3,160.86,West,0.15,410.19,P11,Home,2024-03,2023-11
727,118,2023-12-31,1,420.39,South,0.18,344.72,P10,Books,2023-12,2023-03
728,164,2024-11-05,9,311.1,South,0.19,2267.92,P15,Books,2024-11,2023-02
729,147,2023-11-22,6,294.79,South,0.16,1485.74,P17,Home,2023-11,2023-02
730,20,2024-04-11,9,134.28,North,0.17,1003.07,P40,Home,2024-04,2023-12
731,185,2024-02-18,7,380.6,West,0.21,2104.72,P18,Books,2024-02,2023-05
732,146,2024-03-30,1,50.02,South,0.23,38.52,P9,Electronics,2024-03,2023-02
733,47,2024-08-08,1,462.9,North,0.22,361.06,P25,Books,2024-08,2023-03
734,49,2023-08-21,6,169.65,West,0.26,753.25,P40,Books,2023-08,2023-08
735,14,2023-08-12,5,72.61,South,0.06,341.27,P14,Home,2023-08,2023-04
736,143,2024-02-16,9,226.76,East,0.12,1795.94,P25,Books,2024-02,2023-05
737,159,2024-07-25,2,30.81,North,0.28,44.37,P22,Home,2024-07,2024-07
738,1,2023-12-01,8,345.47,North,0.12,2432.11,P30,Home,2023-12,2023-11
739,117,2023-08-10,5,452.33,South,0.04,2171.18,P20,Clothing,2023-08,2023-01
740,54,2023-02-06,2,420.26,South,0.16,706.04,P21,Books,2023-02,2023-02
741,118,2023-10-05,6,72.41,North,0.03,421.43,P44,Electronics,2023-10,2023-03
742,3,2023-07-15,8,71.87,East,0.06,540.46,P32,Clothing,2023-07,2023-06
743,144,2024-04-28,4,408.58,East,0.3,1144.02,P46,Home,2024-04,2023-01
744,185,2023-08-30,2,462.88,West,0.16,777.64,P49,Home,2023-08,2023-05
745,12,2023-11-20,5,235.73,South,0.09,1072.57,P21,Electronics,2023-11,2023-01
746,74,2024-12-31,2,254.5,East,0.3,356.3,P35,Home,2024-12,2023-01
747,16,2023-07-11,2,165.95,West,0.29,235.65,P32,Books,2023-07,2023-07
748,102,2023-01-17,6,448.19,East,0.13,2339.55,P30,Clothing,2023-01,2023-01
749,152,2024-06-07,9,326.0,South,0.08,2699.28,P39,Home,2024-06,2023-04
750,156,2024-02-05,4,151.24,West,0.25,453.72,P49,Home,2024-02,2024-02
751,117,2024-12-05,6,156.4,West,0.21,741.34,P12,Electronics,2024-12,2023-01
752,8,2023-01-22,7,446.69,West,0.21,2470.2,P41,Books,2023-01,2023-01
753,122,2024-04-18,6,16.68,East,0.27,73.06,P47,Home,2024-04,2023-09
754,92,2023-04-30,8,168.14,South,0.21,1062.64,P18,Electronics,2023-04,2023-01
755,164,2023-07-29,4,281.63,West,0.09,1025.13,P21,Home,2023-07,2023-02
756,90,2023-11-02,1,82.63,North,0.21,65.28,P13,Electronics,2023-11,2023-01
757,136,2023-09-27,7,55.13,South,0.09,351.18,P21,Electronics,2023-09,2023-02
758,186,2024-12-04,3,409.49,North,0.23,945.92,P8,Books,2024-12,2023-01
759,60,2024-11-17,6,448.26,North,0.19,2178.54,P46,Home,2024-11,2024-03
760,178,2023-10-12,2,413.57,West,0.02,810.6,P40,Books,2023-10,2023-04
761,28,2024-12-16,9,450.41,West,0.15,3445.64,P46,Electronics,2024-12,2023-03
762,101,2024-11-06,1,281.02,East,0.1,252.92,P7,Clothing,2024-11,2023-06
763,41,2023-08-15,6,408.01,East,0.1,2203.25,P23,Home,2023-08,2023-08
764,192,2024-01-16,6,198.18,East,0.18,975.05,P44,Clothing,2024-01,2023-01
765,155,2024-04-04,5,336.47,South,0.1,1514.12,P32,Home,2024-04,2023-05
766,191,2023-01-07,5,494.53,East,0.23,1903.94,P11,Books,2023-01,2023-01
767,145,2023-01-29,1,120.61,North,0.02,118.2,P22,Books,2023-01,2023-01
768,161,2023-02-02,5,201.05,East,0.2,804.2,P22,Books,2023-02,2023-02
769,157,2024-10-07,2,245.22,West,0.24,372.73,P43,Books,2024-10,2023-09
770,141,2023-03-20,7,77.63,East,0.2,434.73,P25,Books,2023-03,2023-02
771,46,2024-04-03,3,49.71,South,0.15,126.76,P22,Clothing,2024-04,2023-12
772,35,2024-07-23,4,416.56,South,0.29,1183.03,P28,Books,2024-07,2023-01
773,134,2024-06-21,3,488.63,North,0.09,1333.96,P29,Electronics,2024-06,2024-06
774,82,2024-04-26,3,208.32,South,0.01,618.71,P13,Electronics,2024-04,2023-08
775,115,2024-03-05,4,52.95,East,0.13,184.27,P18,Clothing,2024-03,2023-01
776,197,2023-10-12,5,42.25,West,0.01,209.14,P2,Home,2023-10,2023-08
777,47,2024-05-30,1,446.75,South,0.29,317.19,P29,Electronics,2024-05,2023-03
778,153,2023-04-09,4,237.27,North,0.06,892.14,P21,Home,2023-04,2023-04
779,194,2024-02-01,8,166.81,East,0.24,1014.2,P15,Clothing,2024-02,2023-06
780,10,2024-05-03,7,243.47,North,0.23,1312.3,P27,Home,2024-05,2023-06
781,56,2023-02-08,9,165.97,South,0.07,1389.17,P31,Home,2023-02,2023-02
782,30,2023-09-28,5,249.63,South,0.19,1011.0,P15,Home,2023-09,2023-09
783,109,2023-06-06,4,431.18,North,0.01,1707.47,P23,Home,2023-06,2023-01
784,5,2023-03-16,8,300.23,East,0.15,2041.56,P24,Clothing,2023-03,2023-01
785,119,2023-05-10,9,350.38,South,0.0,3153.42,P44,Electronics,2023-05,2023-05
786,33,2024-11-17,7,188.69,West,0.28,951.0,P13,Books,2024-11,2023-03
787,118,2023-03-25,7,371.87,South,0.29,1848.19,P22,Home,2023-03,2023-03
788,65,2023-01-22,5,336.64,East,0.07,1565.38,P43,Electronics,2023-01,2023-01
789,146,2024-04-03,4,68.59,South,0.06,257.9,P37,Electronics,2024-04,2023-02
790,177,2024-06-22,1,290.59,North,0.23,223.75,P33,Clothing,2024-06,2023-10
791,11,2024-12-07,7,135.8,South,0.08,874.55,P3,Electronics,2024-12,2023-11
792,85,2024-01-17,1,404.01,South,0.27,294.93,P19,Clothing,2024-01,2023-11
793,26,2024-03-15,1,218.71,East,0.17,181.53,P23,Home,2024-03,2023-12
794,63,2024-08-26,5,497.4,North,0.11,2213.43,P29,Home,2024-08,2023-02
795,86,2023-01-21,9,55.33,East,0.25,373.48,P30,Books,2023-01,2023-01
796,59,2023-10-30,6,392.37,South,0.15,2001.09,P39,Books,2023-10,2023-03
797,27,2023-03-25,3,340.11,West,0.27,744.84,P44,Books,2023-03,2023-01
798,177,2024-10-20,3,386.07,South,0.28,833.91,P47,Electronics,2024-10,2023-10
799,161,2024-03-28,7,160.69,East,0.05,1068.59,P25,Home,2024-03,2023-02
800,98,2024-01-22,6,251.11,West,0.0,1506.66,P37,Clothing,2024-01,2023-01
801,105,2024-05-21,9,400.29,East,0.3,2521.83,P47,Books,2024-05,2023-10
802,99,2023-09-14,6,123.95,East,0.27,542.9,P8,Clothing,2023-09,2023-01
803,129,2024-07-23,5,120.76,North,0.02,591.72,P42,Clothing,2024-07,2023-03
804,149,2024-06-10,7,280.01,West,0.25,1470.05,P16,Books,2024-06,2024-05
805,55,2023-06-11,1,266.55,South,0.14,229.23,P8,Home,2023-06,2023-01
806,6,2023-06-12,7,148.31,East,0.08,955.12,P1,Books,2023-06,2023-01
807,197,2024-06-07,3,156.06,South,0.26,346.45,P44,Clothing,2024-06,2023-08
808,95,2023-09-28,9,146.14,North,0.06,1236.34,P5,Books,2023-09,2023-06
809,133,2024-05-06,6,388.04,North,0.28,1676.33,P3,Clothing,2024-05,2023-01
810,102,2023-07-27,9,329.43,West,0.06,2786.98,P1,Clothing,2023-07,2023-01
811,3,2024-06-22,5,417.88,North,0.18,1713.31,P4,Books,2024-06,2023-06
812,181,2024-08-06,7,487.98,North,0.07,3176.75,P40,Electronics,2024-08,2023-06
813,23,2023-03-01,4,242.34,South,0.16,814.26,P35,Books,2023-03,2023-03
814,53,2024-03-05,7,42.68,North,0.21,236.02,P32,Electronics,2024-03,2023-01
815,165,2024-10-18,1,33.57,North,0.06,31.56,P42,Clothing,2024-10,2023-11
816,83,2024-08-27,7,154.88,East,0.16,910.69,P34,Clothing,2024-08,2023-01
817,145,2023-11-05,8,466.95,North,0.14,3212.62,P43,Electronics,2023-11,2023-01
818,85,2024-06-03,5,266.37,East,0.02,1305.21,P25,Clothing,2024-06,2023-11
819,78,2024-08-13,2,143.18,North,0.25,214.77,P10,Electronics,2024-08,2023-08
820,110,2023-01-27,5,205.59,North,0.1,925.16,P21,Electronics,2023-01,2023-01
821,1,2024-11-16,6,303.31,West,0.17,1510.48,P46,Clothing,2024-11,2023-11
822,51,2024-07-15,2,329.95,West,0.15,560.92,P39,Home,2024-07,2023-01
823,173,2023-07-18,6,85.42,East,0.15,435.64,P27,Electronics,2023-07,2023-01
824,4,2024-01-22,6,488.75,North,0.03,2844.53,P27,Books,2024-01,2024-01
825,190,2023-12-15,1,276.94,South,0.13,240.94,P2,Books,2023-12,2023-03
826,193,2024-11-23,1,76.49,West,0.14,65.78,P41,Clothing,2024-11,2023-12
827,113,2024-06-19,3,447.88,South,0.22,1048.04,P48,Home,2024-06,2023-01
828,32,2024-01-13,3,46.57,West,0.25,104.78,P13,Clothing,2024-01,2023-12
829,34,2024-07-11,4,454.79,West,0.16,1528.09,P9,Home,2024-07,2023-04
830,92,2024-06-10,2,498.32,North,0.03,966.74,P36,Electronics,2024-06,2023-01
831,95,2023-06-02,9,353.21,West,0.07,2956.37,P22,Electronics,2023-06,2023-06
832,72,2023-07-25,7,387.52,South,0.05,2577.01,P42,Electronics,2023-07,2023-07
833,39,2024-03-30,7,175.28,West,0.04,1177.88,P26,Electronics,2024-03,2023-03
834,154,2023-09-30,6,471.37,East,0.11,2517.12,P12,Books,2023-09,2023-09
835,162,2023-08-24,3,269.56,North,0.07,752.07,P17,Books,2023-08,2023-04
836,182,2024-06-04,6,368.87,North,0.07,2058.29,P14,Clothing,2024-06,2023-03
837,118,2024-11-08,8,462.81,East,0.02,3628.43,P14,Home,2024-11,2023-03
838,3,2024-12-26,8,487.84,East,0.01,3863.69,P34,Electronics,2024-12,2023-06
839,123,2024-05-15,9,418.27,East,0.03,3651.5,P20,Electronics,2024-05,2024-01
840,50,2023-04-27,1,158.48,West,0.05,150.56,P11,Home,2023-04,2023-04
841,12,2024-01-21,1,483.61,North,0.13,420.74,P16,Home,2024-01,2023-01
842,193,2023-12-10,3,317.78,East,0.15,810.34,P31,Clothing,2023-12,2023-12
843,54,2024-08-06,3,466.01,West,0.04,1342.11,P6,Home,2024-08,2023-02
844,133,2024-01-30,8,341.29,East,0.13,2375.38,P19,Electronics,2024-01,2023-01
845,57,2023-03-05,1,160.55,South,0.1,144.5,P37,Electronics,2023-03,2023-03
846,145,2024-12-17,2,191.31,South,0.06,359.66,P4,Electronics,2024-12,2023-01
847,112,2024-12-21,2,279.73,North,0.0,559.46,P47,Electronics,2024-12,2023-09
848,47,2023-03-13,3,397.11,West,0.14,1024.54,P4,Electronics,2023-03,2023-03
849,151,2023-10-01,6,165.81,South,0.21,785.94,P20,Clothing,2023-10,2023-01
850,85,2023-11-16,1,294.07,South,0.07,273.49,P10,Electronics,2023-11,2023-11
851,142,2023-12-04,2,179.36,West,0.04,344.37,P24,Clothing,2023-12,2023-03
852,66,2024-01-01,1,409.73,East,0.27,299.1,P35,Electronics,2024-01,2024-01
853,75,2024-05-09,5,238.7,West,0.08,1098.02,P26,Books,2024-05,2023-05
854,179,2024-08-29,7,47.59,East,0.07,309.81,P37,Books,2024-08,2023-03
855,103,2023-06-15,8,91.37,South,0.26,540.91,P38,Books,2023-06,2023-06
856,166,2024-06-27,1,39.94,South,0.25,29.96,P21,Books,2024-06,2023-10
857,192,2023-01-11,7,254.66,South,0.13,1550.88,P40,Clothing,2023-01,2023-01
858,38,2023-10-28,5,62.11,North,0.15,263.97,P39,Clothing,2023-10,2023-05
859,50,2024-12-29,1,65.93,North,0.07,61.31,P21,Home,2024-12,2023-04
860,98,2023-04-12,3,471.11,North,0.02,1385.06,P10,Electronics,2023-04,2023-01
861,82,2024-02-29,7,437.6,West,0.17,2542.46,P38,Books,2024-02,2023-08
862,30,2024-01-27,1,231.52,South,0.03,224.57,P46,Clothing,2024-01,2023-09
863,79,2023-08-02,7,493.04,South,0.13,3002.61,P4,Electronics,2023-08,2023-02
864,91,2024-11-21,5,10.09,West,0.28,36.32,P45,Electronics,2024-11,2023-06
865,179,2023-03-29,1,310.85,North,0.29,220.7,P20,Clothing,2023-03,2023-03
866,191,2024-07-06,1,312.05,West,0.07,290.21,P17,Books,2024-07,2023-01
867,52,2024-02-05,1,234.15,North,0.19,189.66,P7,Home,2024-02,2023-05
868,166,2024-08-10,9,204.5,South,0.14,1582.83,P4,Electronics,2024-08,2023-10
869,79,2023-02-15,3,233.14,East,0.26,517.57,P29,Home,2023-02,2023-02
870,30,2024-11-02,5,213.33,North,0.08,981.32,P14,Books,2024-11,2023-09
871,106,2024-04-07,9,367.94,South,0.0,3311.46,P3,Books,2024-04,2023-11
872,51,2024-08-14,6,76.32,South,0.05,435.02,P24,Home,2024-08,2023-01
873,81,2023-11-06,9,106.84,East,0.1,865.4,P37,Books,2023-11,2023-03
874,133,2023-03-27,8,98.45,South,0.09,716.72,P16,Electronics,2023-03,2023-01
875,29,2023-04-02,8,138.61,South,0.24,842.75,P4,Home,2023-04,2023-04
876,132,2024-10-21,1,267.38,North,0.2,213.9,P24,Books,2024-10,2023-04
877,138,2024-11-03,9,64.49,North,0.09,528.17,P34,Home,2024-11,2023-06
878,184,2024-12-14,6,435.4,East,0.14,2246.66,P30,Electronics,2024-12,2023-03
879,145,2023-08-30,9,155.71,East,0.03,1359.35,P18,Books,2023-08,2023-01
880,74,2023-01-02,3,89.64,South,0.27,196.31,P19,Electronics,2023-01,2023-01
881,17,2023-08-13,3,341.05,North,0.28,736.67,P31,Books,2023-08,2023-04
882,84,2024-08-11,6,28.66,East,0.29,122.09,P19,Clothing,2024-08,2023-10
883,69,2023-04-26,9,313.78,East,0.26,2089.77,P49,Books,2023-04,2023-01
884,34,2024-10-27,7,352.12,West,0.05,2341.6,P46,Home,2024-10,2023-04
885,6,2023-04-13,3,115.31,East,0.01,342.47,P19,Books,2023-04,2023-01
886,53,2023-07-13,3,30.56,South,0.17,76.09,P22,Electronics,2023-07,2023-01
887,194,2023-06-15,2,188.19,North,0.27,274.76,P24,Electronics,2023-06,2023-06
888,126,2023-03-31,9,58.31,East,0.05,498.55,P45,Books,2023-03,2023-03
889,43,2024-11-16,3,67.07,West,0.0,201.21,P12,Home,2024-11,2023-09
890,115,2023-05-02,5,134.59,North,0.24,511.44,P30,Clothing,2023-05,2023-01
891,111,2023-05-23,9,154.78,East,0.02,1365.16,P38,Home,2023-05,2023-01
892,151,2023-04-16,8,269.69,West,0.12,1898.62,P31,Clothing,2023-04,2023-01
893,183,2024-03-03,2,342.41,East,0.2,547.86,P36,Electronics,2024-03,2024-03
894,80,2023-11-01,3,300.46,North,0.07,838.28,P19,Home,2023-11,2023-11
895,95,2023-11-13,2,82.7,North,0.03,160.44,P48,Clothing,2023-11,2023-06
896,118,2024-09-26,8,94.32,North,0.23,581.01,P45,Books,2024-09,2023-03
897,144,2023-01-09,6,440.6,South,0.19,2141.32,P36,Electronics,2023-01,2023-01
898,8,2023-03-14,6,283.59,East,0.3,1191.08,P30,Books,2023-03,2023-01
899,132,2023-12-25,9,436.27,South,0.1,3533.79,P49,Electronics,2023-12,2023-04
900,104,2023-08-11,8,192.06,North,0.02,1505.75,P33,Home,2023-08,2023-01
901,132,2024-02-20,4,311.06,West,0.22,970.51,P18,Home,2024-02,2023-04
902,184,2024-07-06,4,266.6,East,0.16,895.78,P49,Electronics,2024-07,2023-03
903,25,2024-01-05,9,166.37,South,0.06,1407.49,P28,Electronics,2024-01,2023-01
904,195,2024-12-16,1,240.26,East,0.23,185.0,P47,Electronics,2024-12,2023-03
905,96,2023-09-21,2,256.22,West,0.06,481.69,P11,Home,2023-09,2023-02
906,195,2024-11-20,2,108.38,South,0.08,199.42,P45,Clothing,2024-11,2023-03
907,155,2023-11-14,6,164.36,North,0.03,956.58,P33,Books,2023-11,2023-05
908,93,2023-03-25,4,397.79,South,0.12,1400.22,P17,Books,2023-03,2023-03
909,160,2023-11-14,3,458.74,East,0.13,1197.31,P6,Home,2023-11,2023-05
910,178,2023-04-21,3,186.3,East,0.15,475.07,P4,Books,2023-04,2023-04
911,61,2023-09-08,3,160.42,East,0.21,380.2,P20,Electronics,2023-09,2023-01
912,122,2024-01-18,6,105.65,East,0.27,462.75,P48,Clothing,2024-01,2023-09
913,51,2023-01-07,8,342.46,North,0.04,2630.09,P47,Books,2023-01,2023-01
914,147,2024-04-03,7,168.32,South,0.02,1154.68,P27,Clothing,2024-04,2023-02
915,21,2023-03-25,4,494.0,North,0.01,1956.24,P15,Electronics,2023-03,2023-03
916,5,2023-07-27,4,169.59,North,0.04,651.23,P6,Books,2023-07,2023-01
917,92,2024-01-25,2,203.13,North,0.2,325.01,P47,Home,2024-01,2023-01
918,170,2023-11-10,1,305.63,East,0.22,238.39,P14,Clothing,2023-11,2023-01
919,61,2023-01-22,9,402.83,East,0.24,2755.36,P11,Electronics,2023-01,2023-01
920,22,2024-02-14,2,240.06,East,0.07,446.51,P39,Clothing,2024-02,2023-01
921,149,2024-05-29,8,217.1,South,0.09,1580.49,P9,Books,2024-05,2024-05
922,70,2023-05-07,9,497.86,West,0.14,3853.44,P26,Books,2023-05,2023-05
923,1,2024-11-30,4,15.14,East,0.02,59.35,P16,Home,2024-11,2023-11
924,133,2023-01-14,8,448.58,South,0.18,2942.68,P5,Electronics,2023-01,2023-01
925,12,2023-01-12,9,83.08,East,0.3,523.4,P10,Electronics,2023-01,2023-01
926,90,2023-03-28,5,395.1,East,0.11,1758.2,P3,Home,2023-03,2023-01
927,46,2024-06-07,7,312.79,North,0.23,1685.94,P13,Home,2024-06,2023-12
928,34,2024-06-20,4,177.51,North,0.15,603.53,P43,Electronics,2024-06,2023-04
929,177,2023-10-28,1,438.2,North,0.04,420.67,P49,Clothing,2023-10,2023-10
930,78,2023-08-31,3,16.32,South,0.17,40.64,P30,Clothing,2023-08,2023-08
931,45,2023-05-02,5,121.08,West,0.09,550.91,P45,Home,2023-05,2023-05
932,155,2023-05-27,3,287.78,West,0.01,854.71,P6,Clothing,2023-05,2023-05
933,73,2024-07-20,7,182.26,South,0.19,1033.41,P17,Electronics,2024-07,2023-11
934,26,2023-12-22,9,309.08,East,0.26,2058.47,P45,Books,2023-12,2023-12
935,47,2024-11-15,6,21.81,South,0.1,117.77,P19,Books,2024-11,2023-03
936,121,2024-09-22,1,67.06,East,0.12,59.01,P42,Clothing,2024-09,2023-10
937,56,2023-11-05,7,72.28,South,0.27,369.35,P35,Home,2023-11,2023-02
938,94,2024-11-25,3,102.75,South,0.24,234.27,P46,Home,2024-11,2023-03
939,107,2023-10-15,5,235.07,South,0.21,928.53,P26,Home,2023-10,2023-10
940,63,2023-11-03,4,378.54,West,0.07,1408.17,P5,Home,2023-11,2023-02
941,48,2024-08-16,5,453.71,North,0.27,1656.04,P29,Home,2024-08,2023-01
942,61,2024-12-23,5,419.33,South,0.05,1991.82,P37,Clothing,2024-12,2023-01
943,81,2024-10-23,6,106.48,West,0.19,517.49,P20,Books,2024-10,2023-03
944,26,2024-07-02,6,226.16,North,0.01,1343.39,P49,Books,2024-07,2023-12
945,36,2023-12-18,8,107.71,North,0.19,697.96,P21,Clothing,2023-12,2023-03
946,1,2023-11-08,8,139.59,South,0.08,1027.38,P10,Home,2023-11,2023-11
947,8,2023-02-28,9,256.74,East,0.13,2010.27,P5,Clothing,2023-02,2023-01
948,113,2024-10-04,8,43.37,East,0.1,312.26,P36,Books,2024-10,2023-01
949,99,2024-12-14,2,116.91,East,0.05,222.13,P6,Electronics,2024-12,2023-01
950,180,2023-02-04,1,468.34,South,0.19,379.36,P26,Clothing,2023-02,2023-02
951,47,2024-03-20,2,238.4,East,0.26,352.83,P4,Home,2024-03,2023-03
952,127,2023-04-03,2,228.24,West,0.29,324.1,P39,Books,2023-04,2023-04
953,56,2023-07-26,3,17.14,West,0.06,48.33,P39,Books,2023-07,2023-02
954,14,2023-12-19,7,131.23,West,0.22,716.52,P35,Books,2023-12,2023-04
955,28,2023-11-28,2,434.48,West,0.2,695.17,P1,Books,2023-11,2023-03
956,78,2024-12-25,1,90.67,North,0.1,81.6,P24,Home,2024-12,2023-08
957,130,2023-06-08,6,213.41,West,0.01,1267.66,P36,Electronics,2023-06,2023-03
958,109,2023-01-24,9,17.02,East,0.21,121.01,P6,Books,2023-01,2023-01
959,154,2024-02-08,3,244.38,South,0.28,527.86,P41,Clothing,2024-02,2023-09
960,14,2024-05-30,6,20.3,East,0.19,98.66,P46,Electronics,2024-05,2023-04
961,187,2023-12-30,3,411.61,West,0.13,1074.3,P44,Books,2023-12,2023-02
962,56,2024-01-17,1,414.18,North,0.16,347.91,P31,Electronics,2024-01,2023-02
963,115,2024-06-15,5,395.99,West,0.06,1861.15,P20,Clothing,2024-06,2023-01
964,7,2023-06-01,4,148.85,South,0.23,458.46,P24,Books,2023-06,2023-02
965,3,2024-07-15,7,420.25,East,0.22,2294.57,P25,Clothing,2024-07,2023-06
966,111,2024-11-19,6,276.07,South,0.04,1590.16,P36,Home,2024-11,2023-01
967,151,2024-08-30,7,193.17,South,0.26,1000.62,P21,Books,2024-08,2023-01
968,107,2024-09-08,5,316.41,South,0.08,1455.49,P30,Books,2024-09,2023-10
969,18,2024-02-24,4,16.05,East,0.29,45.58,P24,Books,2024-02,2023-04
970,38,2023-09-07,7,80.05,West,0.11,498.71,P44,Books,2023-09,2023-05
971,115,2023-04-27,7,373.72,South,0.05,2485.24,P42,Home,2023-04,2023-01
972,15,2024-05-26,6,129.64,East,0.11,692.28,P30,Books,2024-05,2023-04
973,192,2024-07-31,8,303.02,North,0.13,2109.02,P22,Electronics,2024-07,2023-01
974,119,2023-12-01,4,198.7,East,0.02,778.9,P28,Books,2023-12,2023-05
975,28,2024-02-22,5,428.85,North,0.17,1779.73,P7,Home,2024-02,2023-03
976,39,2023-10-22,4,476.68,East,0.18,1563.51,P35,Books,2023-10,2023-03
977,185,2024-01-06,1,442.95,West,0.22,345.5,P28,Electronics,2024-01,2023-05
978,17,2023-07-05,8,142.6,South,0.01,1129.39,P14,Home,2023-07,2023-04
979,86,2023-09-03,1,105.14,West,0.16,88.32,P10,Home,2023-09,2023-01
980,126,2024-09-28,5,242.47,East,0.02,1188.1,P16,Electronics,2024-09,2023-03
981,44,2023-09-25,6,13.59,South,0.21,64.42,P16,Electronics,2023-09,2023-09
982,25,2024-10-04,6,22.65,North,0.02,133.18,P31,Electronics,2024-10,2023-01
983,145,2023-08-25,5,281.11,East,0.27,1026.05,P42,Electronics,2023-08,2023-01
984,13,2024-06-13,3,265.02,South,0.21,628.1,P25,Electronics,2024-06,2023-06
985,25,2024-07-05,5,497.35,North,0.15,2113.74,P13,Home,2024-07,2023-01
986,68,2023-01-21,8,108.9,North,0.13,757.94,P6,Home,2023-01,2023-01
987,138,2024-06-03,2,136.47,West,0.04,262.02,P44,Books,2024-06,2023-06
988,67,2023-04-10,6,65.63,East,0.09,358.34,P9,Books,2023-04,2023-01
989,109,2024-04-22,9,459.6,North,0.26,3060.94,P45,Clothing,2024-04,2023-01
990,146,2024-08-21,8,391.13,South,0.27,2284.2,P36,Books,2024-08,2023-02
991,111,2023-10-25,8,412.95,North,0.0,3303.6,P43,Books,2023-10,2023-01
992,111,2024-06-09,8,452.35,North,0.18,2967.42,P20,Electronics,2024-06,2023-01
993,34,2023-11-30,7,267.2,West,0.22,1458.91,P18,Electronics,2023-11,2023-04
994,111,2023-01-02,8,231.08,West,0.19,1497.4,P43,Books,2023-01,2023-01
995,8,2024-01-10,6,171.89,South,0.02,1010.71,P21,Clothing,2024-01,2023-01
996,168,2023-10-20,2,298.72,West,0.07,555.62,P4,Electronics,2023-10,2023-02
997,113,2024-07-06,2,232.6,North,0.08,427.98,P33,Books,2024-07,2023-01
998,83,2023-11-14,8,231.27,North,0.25,1387.62,P27,Books,2023-11,2023-01
999,42,2024-05-16,1,469.09,West,0.14,403.42,P7,Home,2024-05,2023-06
1000,169,2024-01-16,6,492.18,North,0.15,2510.12,P6,Clothing,2024-01,2023-09
